model,accuracy,precision_weighted,recall_weighted,f1_weighted,f1_macro,roc_auc_weighted_ovr,high_precision,high_recall,high_f1,param_C,param_class_weight,param_solver,param_max_depth,param_max_features,param_min_samples_leaf,param_min_samples_split,param_n_estimators
logistic_regression,0.893296853625171,0.8935497571973974,0.893296853625171,0.8929325727763516,0.8932613376259075,0.9771237757248287,0.8549222797927462,0.9065934065934066,0.88,1.0,balanced,lbfgs,,,,,
logistic_regression,0.893296853625171,0.8935497571973974,0.893296853625171,0.8929325727763516,0.8932613376259075,0.9770549316372898,0.8549222797927462,0.9065934065934066,0.88,2.0,balanced,lbfgs,,,,,
logistic_regression,0.893296853625171,0.8935497571973974,0.893296853625171,0.8929325727763516,0.8932613376259075,0.9770261539551001,0.8549222797927462,0.9065934065934066,0.88,5.0,balanced,lbfgs,,,,,
logistic_regression,0.893296853625171,0.8931822252257782,0.893296853625171,0.8931543832735402,0.8929773217700941,0.9775204863313406,0.8920454545454546,0.8626373626373627,0.8770949720670391,10.0,,lbfgs,,,,,
logistic_regression,0.893296853625171,0.8931822252257782,0.893296853625171,0.8931543832735402,0.8929773217700941,0.9775025612994415,0.8920454545454546,0.8626373626373627,0.8770949720670391,2.0,,lbfgs,,,,,
logistic_regression,0.893296853625171,0.8931822252257782,0.893296853625171,0.8931543832735402,0.8929773217700941,0.9774806699885491,0.8920454545454546,0.8626373626373627,0.8770949720670391,5.0,,lbfgs,,,,,
logistic_regression,0.8919288645690835,0.8921500819843787,0.8919288645690835,0.8915000565130036,0.8919937616431598,0.977039600182204,0.8549222797927462,0.9065934065934066,0.88,0.5,balanced,lbfgs,,,,,
logistic_regression,0.8919288645690835,0.89229128091183,0.8919288645690835,0.8915498755100969,0.8918204113132088,0.9769996748211952,0.8505154639175257,0.9065934065934066,0.8776595744680851,10.0,balanced,lbfgs,,,,,
logistic_regression,0.8919288645690835,0.8917438263025083,0.8919288645690835,0.8917732939779299,0.8915246059253866,0.9774895852201385,0.8870056497175142,0.8626373626373627,0.8746518105849582,1.0,,lbfgs,,,,,
logistic_regression,0.8919288645690835,0.8917438263025083,0.8919288645690835,0.8917732939779299,0.8915246059253866,0.9773836294336476,0.8870056497175142,0.8626373626373627,0.8746518105849582,0.5,,lbfgs,,,,,
random_forest,0.8891928864569083,0.8892133419175864,0.8891928864569083,0.8888796745637995,0.8895542619563147,0.9699966602856869,0.8586387434554974,0.9010989010989011,0.8793565683646113,,balanced,,,sqrt,2.0,4.0,200.0
random_forest,0.8891928864569083,0.8892133419175864,0.8891928864569083,0.8888796745637995,0.8895542619563147,0.9699950914908978,0.8586387434554974,0.9010989010989011,0.8793565683646113,,balanced,,,sqrt,2.0,2.0,200.0
random_forest,0.8891928864569083,0.8892133419175864,0.8891928864569083,0.8888796745637995,0.8895542619563147,0.9699950914908978,0.8586387434554974,0.9010989010989011,0.8793565683646113,,balanced,,,log2,2.0,2.0,200.0
random_forest,0.8891928864569083,0.8892133419175864,0.8891928864569083,0.8888796745637995,0.8895542619563147,0.9699950914908978,0.8586387434554974,0.9010989010989011,0.8793565683646113,,balanced,,,log2,2.0,4.0,200.0
random_forest,0.8891928864569083,0.8890402096914124,0.8891928864569083,0.8890775815174466,0.8888910779912796,0.9720046197042094,0.8820224719101124,0.8626373626373627,0.8722222222222222,,,,20.0,sqrt,1.0,4.0,400.0
random_forest,0.8891928864569083,0.8890402096914124,0.8891928864569083,0.8890775815174466,0.8888910779912796,0.9720046197042094,0.8820224719101124,0.8626373626373627,0.8722222222222222,,,,20.0,log2,1.0,4.0,400.0
random_forest,0.8891928864569083,0.8891521524664339,0.8891928864569083,0.8891166333849325,0.8886068404573527,0.9719637847797373,0.8813559322033898,0.8571428571428571,0.8690807799442897,,,,,sqrt,1.0,4.0,400.0
random_forest,0.8891928864569083,0.8891521524664339,0.8891928864569083,0.8891166333849325,0.8886068404573527,0.9719623508289448,0.8813559322033898,0.8571428571428571,0.8690807799442897,,,,,log2,1.0,4.0,400.0
random_forest,0.8878248974008208,0.8879267587890248,0.8878248974008208,0.8874953084599921,0.8881105788274906,0.9697926495141489,0.8541666666666666,0.9010989010989011,0.8770053475935828,,balanced,,20.0,sqrt,2.0,2.0,200.0
random_forest,0.8878248974008208,0.8879267587890248,0.8878248974008208,0.8874953084599921,0.8881105788274906,0.9697910807193598,0.8541666666666666,0.9010989010989011,0.8770053475935828,,balanced,,20.0,sqrt,2.0,4.0,200.0
random_forest,0.8878248974008208,0.8879267587890248,0.8878248974008208,0.8874953084599921,0.8881105788274906,0.9697910807193598,0.8541666666666666,0.9010989010989011,0.8770053475935828,,balanced,,20.0,log2,2.0,2.0,200.0
random_forest,0.8878248974008208,0.8879267587890248,0.8878248974008208,0.8874953084599921,0.8881105788274906,0.9697910807193598,0.8541666666666666,0.9010989010989011,0.8770053475935828,,balanced,,20.0,log2,2.0,4.0,200.0
logistic_regression,0.8878248974008208,0.8876239053344317,0.8878248974008208,0.8876982884641609,0.8874432975501453,0.9763416499205518,0.8770949720670391,0.8626373626373627,0.8698060941828255,0.1,,lbfgs,,,,,
random_forest,0.8878248974008208,0.88801729453274,0.8878248974008208,0.8876931041911466,0.8873867015192305,0.9699753688445689,0.8953488372093024,0.8461538461538461,0.8700564971751412,,,,10.0,sqrt,2.0,2.0,600.0
random_forest,0.8878248974008208,0.88801729453274,0.8878248974008208,0.8876931041911466,0.8873867015192305,0.9699753688445689,0.8953488372093024,0.8461538461538461,0.8700564971751412,,,,10.0,sqrt,2.0,4.0,600.0
random_forest,0.8878248974008208,0.88801729453274,0.8878248974008208,0.8876931041911466,0.8873867015192305,0.9699753688445689,0.8953488372093024,0.8461538461538461,0.8700564971751412,,,,10.0,log2,2.0,2.0,600.0
random_forest,0.8878248974008208,0.88801729453274,0.8878248974008208,0.8876931041911466,0.8873867015192305,0.9699753688445689,0.8953488372093024,0.8461538461538461,0.8700564971751412,,,,10.0,log2,2.0,4.0,600.0
random_forest,0.8864569083447332,0.8869042529802619,0.8864569083447332,0.8861810182862218,0.8867985012018877,0.9701499025890636,0.8461538461538461,0.9065934065934066,0.8753315649867374,,balanced,,20.0,sqrt,2.0,2.0,600.0
random_forest,0.8864569083447332,0.8869042529802619,0.8864569083447332,0.8861810182862218,0.8867985012018877,0.9701499025890636,0.8461538461538461,0.9065934065934066,0.8753315649867374,,balanced,,20.0,sqrt,2.0,4.0,600.0
random_forest,0.8864569083447332,0.8869042529802619,0.8864569083447332,0.8861810182862218,0.8867985012018877,0.9701499025890636,0.8461538461538461,0.9065934065934066,0.8753315649867374,,balanced,,20.0,log2,2.0,2.0,600.0
random_forest,0.8864569083447332,0.8869042529802619,0.8864569083447332,0.8861810182862218,0.8867985012018877,0.9701499025890636,0.8461538461538461,0.9065934065934066,0.8753315649867374,,balanced,,20.0,log2,2.0,4.0,600.0
random_forest,0.8864569083447332,0.8861077675736254,0.8864569083447332,0.886214382863898,0.8866731219126134,0.9714603250662367,0.88268156424581,0.8681318681318682,0.8753462603878116,,,,20.0,sqrt,1.0,8.0,200.0
random_forest,0.8864569083447332,0.8861077675736254,0.8864569083447332,0.886214382863898,0.8866731219126134,0.9714603250662367,0.88268156424581,0.8681318681318682,0.8753462603878116,,,,20.0,log2,1.0,8.0,200.0
random_forest,0.8864569083447332,0.8862728852468935,0.8864569083447332,0.8862723077929713,0.8863145637449602,0.9704999839151224,0.8863636363636364,0.8571428571428571,0.8715083798882681,,,,20.0,sqrt,2.0,8.0,600.0
random_forest,0.8864569083447332,0.8862728852468935,0.8864569083447332,0.8862723077929713,0.8863145637449602,0.9704999839151224,0.8863636363636364,0.8571428571428571,0.8715083798882681,,,,20.0,log2,2.0,8.0,600.0
random_forest,0.8864569083447332,0.8867893931020737,0.8864569083447332,0.8864922234627444,0.8861509071637994,0.9718299779119862,0.8857142857142857,0.8516483516483516,0.8683473389355743,,,,20.0,sqrt,1.0,4.0,600.0
random_forest,0.8864569083447332,0.8867893931020737,0.8864569083447332,0.8864922234627444,0.8861509071637994,0.9718299779119862,0.8857142857142857,0.8516483516483516,0.8683473389355743,,,,20.0,log2,1.0,4.0,600.0
random_forest,0.8864569083447332,0.8865321088185429,0.8864569083447332,0.886311340421219,0.8859324451611631,0.971034259228998,0.8901734104046243,0.8461538461538461,0.8676056338028169,,,,10.0,sqrt,1.0,4.0,400.0
random_forest,0.8864569083447332,0.8865321088185429,0.8864569083447332,0.886311340421219,0.8859324451611631,0.971034259228998,0.8901734104046243,0.8461538461538461,0.8676056338028169,,,,10.0,log2,1.0,4.0,400.0
random_forest,0.8864569083447332,0.8865321088185429,0.8864569083447332,0.886311340421219,0.8859324451611631,0.9699142011060315,0.8901734104046243,0.8461538461538461,0.8676056338028169,,,,10.0,sqrt,2.0,8.0,600.0
random_forest,0.8864569083447332,0.8865321088185429,0.8864569083447332,0.886311340421219,0.8859324451611631,0.9699142011060315,0.8901734104046243,0.8461538461538461,0.8676056338028169,,,,10.0,log2,2.0,8.0,600.0
random_forest,0.8850889192886456,0.8854769387776867,0.8850889192886456,0.8847444920489519,0.8855276855207728,0.9701544185959212,0.8461538461538461,0.9065934065934066,0.8753315649867374,,balanced,,,sqrt,2.0,2.0,600.0
random_forest,0.8850889192886456,0.8854769387776867,0.8850889192886456,0.8847444920489519,0.8855276855207728,0.9701544185959212,0.8461538461538461,0.9065934065934066,0.8753315649867374,,balanced,,,sqrt,2.0,4.0,600.0
random_forest,0.8850889192886456,0.8854769387776867,0.8850889192886456,0.8847444920489519,0.8855276855207728,0.9701544185959212,0.8461538461538461,0.9065934065934066,0.8753315649867374,,balanced,,,log2,2.0,2.0,600.0
random_forest,0.8850889192886456,0.8854769387776867,0.8850889192886456,0.8847444920489519,0.8855276855207728,0.9701544185959212,0.8461538461538461,0.9065934065934066,0.8753315649867374,,balanced,,,log2,2.0,4.0,600.0
random_forest,0.8850889192886456,0.8848507169984599,0.8850889192886456,0.8848650000313725,0.8850685124809473,0.9705161544115014,0.8863636363636364,0.8571428571428571,0.8715083798882681,,,,,sqrt,2.0,8.0,600.0
random_forest,0.8850889192886456,0.8848507169984599,0.8850889192886456,0.8848650000313725,0.8850685124809473,0.9705161544115014,0.8863636363636364,0.8571428571428571,0.8715083798882681,,,,,log2,2.0,8.0,600.0
random_forest,0.8850889192886456,0.885117862067897,0.8850889192886456,0.8850221366364582,0.8846398036670794,0.9712338363234598,0.8806818181818182,0.8516483516483516,0.8659217877094972,,,,,sqrt,1.0,8.0,400.0
random_forest,0.8850889192886456,0.885117862067897,0.8850889192886456,0.8850221366364582,0.8846398036670794,0.9712338363234598,0.8806818181818182,0.8516483516483516,0.8659217877094972,,,,,log2,1.0,8.0,400.0
random_forest,0.8850889192886456,0.885492450372449,0.8850889192886456,0.8851197634295518,0.88461139005627,0.9718211502400331,0.8850574712643678,0.8461538461538461,0.8651685393258427,,,,,sqrt,1.0,4.0,600.0
random_forest,0.8850889192886456,0.885492450372449,0.8850889192886456,0.8851197634295518,0.88461139005627,0.9718211502400331,0.8850574712643678,0.8461538461538461,0.8651685393258427,,,,,log2,1.0,4.0,600.0
random_forest,0.8850889192886456,0.884772512029694,0.8850889192886456,0.8848261040966431,0.8845033319492428,0.9701299993779428,0.8806818181818182,0.8516483516483516,0.8659217877094972,,,,20.0,sqrt,2.0,8.0,200.0
random_forest,0.8850889192886456,0.884772512029694,0.8850889192886456,0.8848261040966431,0.8845033319492428,0.9701299993779428,0.8806818181818182,0.8516483516483516,0.8659217877094972,,,,20.0,log2,2.0,8.0,200.0
random_forest,0.8850889192886456,0.8852290510579569,0.8850889192886456,0.8849322540222317,0.8843848941151936,0.970556463115499,0.8895348837209303,0.8406593406593407,0.864406779661017,,,,10.0,sqrt,2.0,2.0,400.0
random_forest,0.8850889192886456,0.8852290510579569,0.8850889192886456,0.8849322540222317,0.8843848941151936,0.970556463115499,0.8895348837209303,0.8406593406593407,0.864406779661017,,,,10.0,sqrt,2.0,4.0,400.0
random_forest,0.8850889192886456,0.8852290510579569,0.8850889192886456,0.8849322540222317,0.8843848941151936,0.970556463115499,0.8895348837209303,0.8406593406593407,0.864406779661017,,,,10.0,log2,2.0,2.0,400.0
random_forest,0.8850889192886456,0.8852290510579569,0.8850889192886456,0.8849322540222317,0.8843848941151936,0.970556463115499,0.8895348837209303,0.8406593406593407,0.864406779661017,,,,10.0,log2,2.0,4.0,400.0
random_forest,0.8850889192886456,0.8849382807746609,0.8850889192886456,0.884956779741694,0.884374902242266,0.971252183194395,0.8757062146892656,0.8516483516483516,0.8635097493036211,,,,20.0,sqrt,1.0,8.0,400.0
random_forest,0.8850889192886456,0.8849382807746609,0.8850889192886456,0.884956779741694,0.884374902242266,0.971252183194395,0.8757062146892656,0.8516483516483516,0.8635097493036211,,,,20.0,log2,1.0,8.0,400.0
random_forest,0.8850889192886456,0.8849382807746609,0.8850889192886456,0.884956779741694,0.884374902242266,0.9699894949528388,0.8757062146892656,0.8516483516483516,0.8635097493036211,,,,10.0,sqrt,1.0,2.0,400.0
random_forest,0.8850889192886456,0.8849382807746609,0.8850889192886456,0.884956779741694,0.884374902242266,0.9699894949528388,0.8757062146892656,0.8516483516483516,0.8635097493036211,,,,10.0,log2,1.0,2.0,400.0
random_forest,0.8850889192886456,0.8847669377011583,0.8850889192886456,0.884855457832289,0.8843035823633297,0.9714493964482567,0.8757062146892656,0.8516483516483516,0.8635097493036211,,,,,sqrt,1.0,2.0,400.0
random_forest,0.8850889192886456,0.8847669377011583,0.8850889192886456,0.884855457832289,0.8843035823633297,0.9714493964482567,0.8757062146892656,0.8516483516483516,0.8635097493036211,,,,,log2,1.0,2.0,400.0
random_forest,0.8837209302325582,0.8833893037575845,0.8837209302325582,0.8834873820693874,0.8842403867095431,0.9715472091346554,0.88268156424581,0.8681318681318682,0.8753462603878116,,,,,sqrt,1.0,8.0,200.0
random_forest,0.8837209302325582,0.8833893037575845,0.8837209302325582,0.8834873820693874,0.8842403867095431,0.9715472091346554,0.88268156424581,0.8681318681318682,0.8753462603878116,,,,,log2,1.0,8.0,200.0
random_forest,0.8837209302325582,0.8837441794772798,0.8837209302325582,0.8834120914093198,0.8836688387556667,0.9710095120937117,0.8481675392670157,0.8901098901098901,0.868632707774799,,balanced,,20.0,sqrt,1.0,4.0,600.0
random_forest,0.8837209302325582,0.8837441794772798,0.8837209302325582,0.8834120914093198,0.8836688387556667,0.9710095120937117,0.8481675392670157,0.8901098901098901,0.868632707774799,,balanced,,20.0,log2,1.0,4.0,600.0
random_forest,0.8837209302325582,0.8834935605502433,0.8837209302325582,0.88321838340111,0.8834436664949666,0.9702842348685485,0.8518518518518519,0.8846153846153846,0.8679245283018868,,balanced,,20.0,sqrt,1.0,2.0,200.0
random_forest,0.8837209302325582,0.8834935605502433,0.8837209302325582,0.88321838340111,0.8834436664949666,0.9702842348685485,0.8518518518518519,0.8846153846153846,0.8679245283018868,,balanced,,20.0,log2,1.0,2.0,200.0
random_forest,0.8837209302325582,0.8834948927288189,0.8837209302325582,0.8835157171922068,0.8833243347671521,0.9701477683768446,0.8806818181818182,0.8516483516483516,0.8659217877094972,,,,,sqrt,2.0,8.0,200.0
random_forest,0.8837209302325582,0.8834948927288189,0.8837209302325582,0.8835157171922068,0.8833243347671521,0.9701477683768446,0.8806818181818182,0.8516483516483516,0.8659217877094972,,,,,log2,2.0,8.0,200.0
random_forest,0.8837209302325582,0.8835968139841088,0.8837209302325582,0.8832651201560849,0.883268048614799,0.9702228534607754,0.8473684210526315,0.8846153846153846,0.8655913978494624,,balanced,,,sqrt,1.0,2.0,200.0
random_forest,0.8837209302325582,0.8835968139841088,0.8837209302325582,0.8832651201560849,0.883268048614799,0.9702228534607754,0.8473684210526315,0.8846153846153846,0.8655913978494624,,balanced,,,log2,1.0,2.0,200.0
random_forest,0.8837209302325582,0.883623554303221,0.8837209302325582,0.8835239322569696,0.8832349428405858,0.9699178491726027,0.8850574712643678,0.8461538461538461,0.8651685393258427,,,,10.0,sqrt,2.0,8.0,400.0
random_forest,0.8837209302325582,0.883623554303221,0.8837209302325582,0.8835239322569696,0.8832349428405858,0.9699178491726027,0.8850574712643678,0.8461538461538461,0.8651685393258427,,,,10.0,log2,2.0,8.0,400.0
random_forest,0.8837209302325582,0.8837903614810051,0.8837209302325582,0.8835287122384214,0.8831416268228639,0.9700638693156329,0.8895348837209303,0.8406593406593407,0.864406779661017,,,,10.0,sqrt,2.0,8.0,200.0
random_forest,0.8837209302325582,0.8837903614810051,0.8837209302325582,0.8835287122384214,0.8831416268228639,0.9700638693156329,0.8895348837209303,0.8406593406593407,0.864406779661017,,,,10.0,log2,2.0,8.0,200.0
random_forest,0.8837209302325582,0.8834936783352894,0.8837209302325582,0.8835448856180512,0.8831244074102876,0.9714279799219439,0.8757062146892656,0.8516483516483516,0.8635097493036211,,,,,sqrt,1.0,2.0,600.0
random_forest,0.8837209302325582,0.8834936783352894,0.8837209302325582,0.8835448856180512,0.8831244074102876,0.9714279799219439,0.8757062146892656,0.8516483516483516,0.8635097493036211,,,,,log2,1.0,2.0,600.0
random_forest,0.8837209302325582,0.8834936783352894,0.8837209302325582,0.8835448856180512,0.8831244074102876,0.971323860569426,0.8757062146892656,0.8516483516483516,0.8635097493036211,,,,20.0,sqrt,1.0,2.0,400.0
random_forest,0.8837209302325582,0.8834936783352894,0.8837209302325582,0.8835448856180512,0.8831244074102876,0.971323860569426,0.8757062146892656,0.8516483516483516,0.8635097493036211,,,,20.0,log2,1.0,2.0,400.0
random_forest,0.8837209302325582,0.8834936783352894,0.8837209302325582,0.8835448856180512,0.8831244074102876,0.9703924373900173,0.8757062146892656,0.8516483516483516,0.8635097493036211,,,,,sqrt,2.0,2.0,600.0
random_forest,0.8837209302325582,0.8834936783352894,0.8837209302325582,0.8835448856180512,0.8831244074102876,0.9703924373900173,0.8757062146892656,0.8516483516483516,0.8635097493036211,,,,,sqrt,2.0,4.0,600.0
random_forest,0.8837209302325582,0.8834936783352894,0.8837209302325582,0.8835448856180512,0.8831244074102876,0.9703924373900173,0.8757062146892656,0.8516483516483516,0.8635097493036211,,,,,log2,2.0,2.0,600.0
random_forest,0.8837209302325582,0.8834936783352894,0.8837209302325582,0.8835448856180512,0.8831244074102876,0.9703924373900173,0.8757062146892656,0.8516483516483516,0.8635097493036211,,,,,log2,2.0,4.0,600.0
random_forest,0.8837209302325582,0.8834936783352894,0.8837209302325582,0.8835448856180512,0.8831244074102876,0.9703613311822287,0.8757062146892656,0.8516483516483516,0.8635097493036211,,,,20.0,sqrt,2.0,2.0,600.0
random_forest,0.8837209302325582,0.8834936783352894,0.8837209302325582,0.8835448856180512,0.8831244074102876,0.9703613311822287,0.8757062146892656,0.8516483516483516,0.8635097493036211,,,,20.0,sqrt,2.0,4.0,600.0
random_forest,0.8837209302325582,0.8834936783352894,0.8837209302325582,0.8835448856180512,0.8831244074102876,0.9703613311822287,0.8757062146892656,0.8516483516483516,0.8635097493036211,,,,20.0,log2,2.0,2.0,600.0
random_forest,0.8837209302325582,0.8834936783352894,0.8837209302325582,0.8835448856180512,0.8831244074102876,0.9703613311822287,0.8757062146892656,0.8516483516483516,0.8635097493036211,,,,20.0,log2,2.0,4.0,600.0
random_forest,0.8837209302325582,0.8837477634632478,0.8837209302325582,0.883552176602708,0.8829340627095909,0.9703488102620694,0.884393063583815,0.8406593406593407,0.8619718309859155,,,,10.0,sqrt,1.0,8.0,400.0
random_forest,0.8837209302325582,0.8837477634632478,0.8837209302325582,0.883552176602708,0.8829340627095909,0.9703488102620694,0.884393063583815,0.8406593406593407,0.8619718309859155,,,,10.0,log2,1.0,8.0,400.0
random_forest,0.8837209302325582,0.8837295111380152,0.8837209302325582,0.8835815113958431,0.8827334227518927,0.9702439321492304,0.8793103448275862,0.8406593406593407,0.8595505617977528,,,,10.0,sqrt,1.0,8.0,600.0
random_forest,0.8837209302325582,0.8837295111380152,0.8837209302325582,0.8835815113958431,0.8827334227518927,0.9702439321492304,0.8793103448275862,0.8406593406593407,0.8595505617977528,,,,10.0,log2,1.0,8.0,600.0
random_forest,0.8823529411764706,0.8824109490505686,0.8823529411764706,0.8820041174296274,0.8827111494850465,0.9702102669787211,0.8489583333333334,0.8956043956043956,0.8716577540106952,,balanced,,20.0,sqrt,1.0,8.0,600.0
random_forest,0.8823529411764706,0.8824109490505686,0.8823529411764706,0.8820041174296274,0.8827111494850465,0.9702102669787211,0.8489583333333334,0.8956043956043956,0.8716577540106952,,balanced,,20.0,log2,1.0,8.0,600.0
random_forest,0.8823529411764706,0.8829575289039067,0.8823529411764706,0.8818621025350178,0.8825701505792233,0.9690285792724853,0.8375634517766497,0.9065934065934066,0.8707124010554089,,balanced,,10.0,sqrt,1.0,8.0,200.0
random_forest,0.8823529411764706,0.8829575289039067,0.8823529411764706,0.8818621025350178,0.8825701505792233,0.9690285792724853,0.8375634517766497,0.9065934065934066,0.8707124010554089,,balanced,,10.0,log2,1.0,8.0,200.0
random_forest,0.8823529411764706,0.882557747316765,0.8823529411764706,0.8820549088170895,0.8825402442559976,0.9701341356002693,0.844559585492228,0.8956043956043956,0.8693333333333333,,balanced,,,sqrt,2.0,2.0,400.0
random_forest,0.8823529411764706,0.882557747316765,0.8823529411764706,0.8820549088170895,0.8825402442559976,0.9701341356002693,0.844559585492228,0.8956043956043956,0.8693333333333333,,balanced,,,sqrt,2.0,4.0,400.0
random_forest,0.8823529411764706,0.882557747316765,0.8823529411764706,0.8820549088170895,0.8825402442559976,0.9701341356002693,0.844559585492228,0.8956043956043956,0.8693333333333333,,balanced,,,log2,2.0,2.0,400.0
random_forest,0.8823529411764706,0.882557747316765,0.8823529411764706,0.8820549088170895,0.8825402442559976,0.9701341356002693,0.844559585492228,0.8956043956043956,0.8693333333333333,,balanced,,,log2,2.0,4.0,400.0
random_forest,0.8823529411764706,0.882557747316765,0.8823529411764706,0.8820549088170895,0.8825402442559976,0.9700530219491137,0.844559585492228,0.8956043956043956,0.8693333333333333,,balanced,,20.0,sqrt,2.0,2.0,400.0
random_forest,0.8823529411764706,0.882557747316765,0.8823529411764706,0.8820549088170895,0.8825402442559976,0.9700530219491137,0.844559585492228,0.8956043956043956,0.8693333333333333,,balanced,,20.0,sqrt,2.0,4.0,400.0
random_forest,0.8823529411764706,0.882557747316765,0.8823529411764706,0.8820549088170895,0.8825402442559976,0.9700530219491137,0.844559585492228,0.8956043956043956,0.8693333333333333,,balanced,,20.0,log2,2.0,2.0,400.0
random_forest,0.8823529411764706,0.882557747316765,0.8823529411764706,0.8820549088170895,0.8825402442559976,0.9700530219491137,0.844559585492228,0.8956043956043956,0.8693333333333333,,balanced,,20.0,log2,2.0,4.0,400.0
logistic_regression,0.8823529411764706,0.8827122924630418,0.8823529411764706,0.8819042306756473,0.8825173728380019,0.976086175811029,0.841025641025641,0.9010989010989011,0.870026525198939,0.1,balanced,lbfgs,,,,,
random_forest,0.8823529411764706,0.88205736864412,0.8823529411764706,0.8821328129467814,0.8818740937013105,0.9714167309888165,0.8757062146892656,0.8516483516483516,0.8635097493036211,,,,20.0,sqrt,1.0,2.0,600.0
random_forest,0.8823529411764706,0.88205736864412,0.8823529411764706,0.8821328129467814,0.8818740937013105,0.9714167309888165,0.8757062146892656,0.8516483516483516,0.8635097493036211,,,,20.0,log2,1.0,2.0,600.0
random_forest,0.8823529411764706,0.8821933583733728,0.8823529411764706,0.8821575962916768,0.8818430480590641,0.9706744651993177,0.8502673796791443,0.8736263736263736,0.8617886178861789,,balanced,,,sqrt,1.0,4.0,400.0
random_forest,0.8823529411764706,0.8821933583733728,0.8823529411764706,0.8821575962916768,0.8818430480590641,0.9706744651993177,0.8502673796791443,0.8736263736263736,0.8617886178861789,,balanced,,,log2,1.0,4.0,400.0
random_forest,0.8823529411764706,0.8822041995438235,0.8823529411764706,0.8820232063113572,0.881839548176344,0.9711676315335295,0.8465608465608465,0.8791208791208791,0.862533692722372,,balanced,,,sqrt,1.0,2.0,400.0
random_forest,0.8823529411764706,0.8822041995438235,0.8823529411764706,0.8820232063113572,0.881839548176344,0.9711676315335295,0.8465608465608465,0.8791208791208791,0.862533692722372,,balanced,,,log2,1.0,2.0,400.0
random_forest,0.8823529411764706,0.8822542816193052,0.8823529411764706,0.8822682362897218,0.8817508685155744,0.9714908074655328,0.8707865168539326,0.8516483516483516,0.8611111111111112,,,,20.0,sqrt,1.0,4.0,200.0
random_forest,0.8823529411764706,0.8822542816193052,0.8823529411764706,0.8822682362897218,0.8817508685155744,0.9714908074655328,0.8707865168539326,0.8516483516483516,0.8611111111111112,,,,20.0,log2,1.0,4.0,200.0
random_forest,0.8823529411764706,0.8823535488221111,0.8823529411764706,0.8822724433809147,0.8816552718184879,0.971188014489505,0.875,0.8461538461538461,0.8603351955307262,,,,,sqrt,1.0,8.0,600.0
random_forest,0.8823529411764706,0.8823535488221111,0.8823529411764706,0.8822724433809147,0.8816552718184879,0.971188014489505,0.875,0.8461538461538461,0.8603351955307262,,,,,log2,1.0,8.0,600.0
random_forest,0.8823529411764706,0.8823535488221111,0.8823529411764706,0.8822724433809147,0.8816552718184879,0.9711511006623912,0.875,0.8461538461538461,0.8603351955307262,,,,20.0,sqrt,1.0,8.0,600.0
random_forest,0.8823529411764706,0.8823535488221111,0.8823529411764706,0.8822724433809147,0.8816552718184879,0.9711511006623912,0.875,0.8461538461538461,0.8603351955307262,,,,20.0,log2,1.0,8.0,600.0
random_forest,0.8823529411764706,0.8821564621281478,0.8823529411764706,0.8821708630052838,0.8815841417534854,0.9704256303639166,0.875,0.8461538461538461,0.8603351955307262,,,,20.0,sqrt,2.0,2.0,400.0
random_forest,0.8823529411764706,0.8821564621281478,0.8823529411764706,0.8821708630052838,0.8815841417534854,0.9704256303639166,0.875,0.8461538461538461,0.8603351955307262,,,,20.0,sqrt,2.0,4.0,400.0
random_forest,0.8823529411764706,0.8821564621281478,0.8823529411764706,0.8821708630052838,0.8815841417534854,0.9704256303639166,0.875,0.8461538461538461,0.8603351955307262,,,,20.0,log2,2.0,2.0,400.0
random_forest,0.8823529411764706,0.8821564621281478,0.8823529411764706,0.8821708630052838,0.8815841417534854,0.9704256303639166,0.875,0.8461538461538461,0.8603351955307262,,,,20.0,log2,2.0,4.0,400.0
random_forest,0.8823529411764706,0.8821564621281478,0.8823529411764706,0.8821708630052838,0.8815841417534854,0.9704010690232773,0.875,0.8461538461538461,0.8603351955307262,,,,,sqrt,2.0,2.0,400.0
random_forest,0.8823529411764706,0.8821564621281478,0.8823529411764706,0.8821708630052838,0.8815841417534854,0.9704010690232773,0.875,0.8461538461538461,0.8603351955307262,,,,,sqrt,2.0,4.0,400.0
random_forest,0.8823529411764706,0.8821564621281478,0.8823529411764706,0.8821708630052838,0.8815841417534854,0.9704010690232773,0.875,0.8461538461538461,0.8603351955307262,,,,,log2,2.0,2.0,400.0
random_forest,0.8823529411764706,0.8821564621281478,0.8823529411764706,0.8821708630052838,0.8815841417534854,0.9704010690232773,0.875,0.8461538461538461,0.8603351955307262,,,,,log2,2.0,4.0,400.0
random_forest,0.8823529411764706,0.8823045826193145,0.8823529411764706,0.8823088099212295,0.8815644041747314,0.9697160306808501,0.8659217877094972,0.8516483516483516,0.8587257617728532,,,,10.0,sqrt,1.0,2.0,200.0
random_forest,0.8823529411764706,0.8823045826193145,0.8823529411764706,0.8823088099212295,0.8815644041747314,0.9697160306808501,0.8659217877094972,0.8516483516483516,0.8587257617728532,,,,10.0,log2,1.0,2.0,200.0
random_forest,0.8823529411764706,0.8824895537349048,0.8823529411764706,0.8822731551142617,0.8815556748300709,0.9702047601030237,0.8793103448275862,0.8406593406593407,0.8595505617977528,,,,10.0,sqrt,1.0,2.0,600.0
random_forest,0.8823529411764706,0.8824895537349048,0.8823529411764706,0.8822731551142617,0.8815556748300709,0.9702047601030237,0.8793103448275862,0.8406593406593407,0.8595505617977528,,,,10.0,log2,1.0,2.0,600.0
random_forest,0.8823529411764706,0.8826628876808958,0.8823529411764706,0.8822703479919959,0.8814520392742248,0.9679385304895484,0.8837209302325582,0.8351648351648352,0.8587570621468926,,,,10.0,sqrt,4.0,2.0,600.0
random_forest,0.8823529411764706,0.8826628876808958,0.8823529411764706,0.8822703479919959,0.8814520392742248,0.9679385304895484,0.8837209302325582,0.8351648351648352,0.8587570621468926,,,,10.0,sqrt,4.0,4.0,600.0
random_forest,0.8823529411764706,0.8826628876808958,0.8823529411764706,0.8822703479919959,0.8814520392742248,0.9679385304895484,0.8837209302325582,0.8351648351648352,0.8587570621468926,,,,10.0,sqrt,4.0,8.0,600.0
random_forest,0.8823529411764706,0.8826628876808958,0.8823529411764706,0.8822703479919959,0.8814520392742248,0.9679385304895484,0.8837209302325582,0.8351648351648352,0.8587570621468926,,,,10.0,log2,4.0,2.0,600.0
random_forest,0.8823529411764706,0.8826628876808958,0.8823529411764706,0.8822703479919959,0.8814520392742248,0.9679385304895484,0.8837209302325582,0.8351648351648352,0.8587570621468926,,,,10.0,log2,4.0,4.0,600.0
random_forest,0.8823529411764706,0.8826628876808958,0.8823529411764706,0.8822703479919959,0.8814520392742248,0.9679385304895484,0.8837209302325582,0.8351648351648352,0.8587570621468926,,,,10.0,log2,4.0,8.0,600.0
random_forest,0.8809849521203831,0.8818343439564131,0.8809849521203831,0.8803699254059325,0.8813406538622793,0.9698077368913571,0.8341708542713567,0.9120879120879121,0.8713910761154856,,balanced,,10.0,sqrt,1.0,8.0,400.0
random_forest,0.8809849521203831,0.8818343439564131,0.8809849521203831,0.8803699254059325,0.8813406538622793,0.9698077368913571,0.8341708542713567,0.9120879120879121,0.8713910761154856,,balanced,,10.0,log2,1.0,8.0,400.0
random_forest,0.8809849521203831,0.8809663471724766,0.8809849521203831,0.8806559794677473,0.8812113539203114,0.9702073618750737,0.8481675392670157,0.8901098901098901,0.868632707774799,,balanced,,,sqrt,1.0,8.0,600.0
random_forest,0.8809849521203831,0.8809663471724766,0.8809849521203831,0.8806559794677473,0.8812113539203114,0.9702073618750737,0.8481675392670157,0.8901098901098901,0.868632707774799,,balanced,,,log2,1.0,8.0,600.0
random_forest,0.8809849521203831,0.8809663471724766,0.8809849521203831,0.8806559794677473,0.8812113539203114,0.9699303999622435,0.8481675392670157,0.8901098901098901,0.868632707774799,,balanced,,20.0,sqrt,1.0,8.0,400.0
random_forest,0.8809849521203831,0.8809663471724766,0.8809849521203831,0.8806559794677473,0.8812113539203114,0.9699303999622435,0.8481675392670157,0.8901098901098901,0.868632707774799,,balanced,,20.0,log2,1.0,8.0,400.0
random_forest,0.8809849521203831,0.8815032688795481,0.8809849521203831,0.8806346929920795,0.8811617873273662,0.9691706309798813,0.8367346938775511,0.9010989010989011,0.8677248677248677,,balanced,,,sqrt,2.0,8.0,600.0
random_forest,0.8809849521203831,0.8815032688795481,0.8809849521203831,0.8806346929920795,0.8811617873273662,0.9691706309798813,0.8367346938775511,0.9010989010989011,0.8677248677248677,,balanced,,,log2,2.0,8.0,600.0
random_forest,0.8809849521203831,0.8808765858797799,0.8809849521203831,0.8806263706913136,0.8808955818334382,0.9710326976050411,0.8473684210526315,0.8846153846153846,0.8655913978494624,,balanced,,,sqrt,1.0,4.0,600.0
random_forest,0.8809849521203831,0.8808765858797799,0.8809849521203831,0.8806263706913136,0.8808955818334382,0.9710326976050411,0.8473684210526315,0.8846153846153846,0.8655913978494624,,balanced,,,log2,1.0,4.0,600.0
random_forest,0.8809849521203831,0.8808650076710511,0.8809849521203831,0.8807049688166968,0.8806540417882863,0.9711589611885586,0.8465608465608465,0.8791208791208791,0.862533692722372,,balanced,,20.0,sqrt,1.0,2.0,400.0
random_forest,0.8809849521203831,0.8808650076710511,0.8809849521203831,0.8807049688166968,0.8806540417882863,0.9711589611885586,0.8465608465608465,0.8791208791208791,0.862533692722372,,balanced,,20.0,log2,1.0,2.0,400.0
random_forest,0.8809849521203831,0.8808755801243356,0.8809849521203831,0.880780469408572,0.8804081614446361,0.9707037453250116,0.8457446808510638,0.8736263736263736,0.8594594594594595,,balanced,,20.0,log2,1.0,4.0,400.0
random_forest,0.8809849521203831,0.8808755801243356,0.8809849521203831,0.880780469408572,0.8804081614446361,0.9707037453250115,0.8457446808510638,0.8736263736263736,0.8594594594594595,,balanced,,20.0,sqrt,1.0,4.0,400.0
random_forest,0.8809849521203831,0.88056604625277,0.8809849521203831,0.8806547303795602,0.8802608519033553,0.9705837642532309,0.875,0.8461538461538461,0.8603351955307262,,,,20.0,sqrt,2.0,8.0,400.0
random_forest,0.8809849521203831,0.88056604625277,0.8809849521203831,0.8806547303795602,0.8802608519033553,0.9705837642532309,0.875,0.8461538461538461,0.8603351955307262,,,,20.0,log2,2.0,8.0,400.0
random_forest,0.8809849521203831,0.8811837974341682,0.8809849521203831,0.880894883191944,0.880007049886272,0.9707470723563241,0.8786127167630058,0.8351648351648352,0.856338028169014,,,,10.0,sqrt,1.0,4.0,600.0
random_forest,0.8809849521203831,0.8811837974341682,0.8809849521203831,0.880894883191944,0.880007049886272,0.9707470723563241,0.8786127167630058,0.8351648351648352,0.856338028169014,,,,10.0,log2,1.0,4.0,600.0
random_forest,0.8796169630642955,0.8795455351589611,0.8796169630642955,0.879222663269632,0.8799438460613852,0.9698473723997765,0.8481675392670157,0.8901098901098901,0.868632707774799,,balanced,,,sqrt,1.0,8.0,400.0
random_forest,0.8796169630642955,0.8795455351589611,0.8796169630642955,0.879222663269632,0.8799438460613852,0.9698473723997765,0.8481675392670157,0.8901098901098901,0.868632707774799,,balanced,,,log2,1.0,8.0,400.0
random_forest,0.8796169630642955,0.8798612736518637,0.8796169630642955,0.8792336922081923,0.879830807355376,0.9696671932153818,0.8402061855670103,0.8956043956043956,0.8670212765957447,,balanced,,10.0,sqrt,1.0,4.0,600.0
random_forest,0.8796169630642955,0.8798612736518637,0.8796169630642955,0.8792336922081923,0.879830807355376,0.9696671932153818,0.8402061855670103,0.8956043956043956,0.8670212765957447,,balanced,,10.0,log2,1.0,4.0,600.0
random_forest,0.8796169630642955,0.8808206768500202,0.8796169630642955,0.879041861236721,0.879746314311031,0.9698766228177368,0.8258706467661692,0.9120879120879121,0.8668407310704961,,balanced,,10.0,sqrt,1.0,8.0,600.0
random_forest,0.8796169630642955,0.8808206768500202,0.8796169630642955,0.879041861236721,0.879746314311031,0.9698766228177368,0.8258706467661692,0.9120879120879121,0.8668407310704961,,balanced,,10.0,log2,1.0,8.0,600.0
random_forest,0.8796169630642955,0.8800304791235574,0.8796169630642955,0.8792906156991865,0.8796681119572464,0.9692621336034507,0.8358974358974359,0.8956043956043956,0.8647214854111406,,balanced,,20.0,sqrt,2.0,8.0,600.0
random_forest,0.8796169630642955,0.8800304791235574,0.8796169630642955,0.8792906156991865,0.8796681119572464,0.9692621336034507,0.8358974358974359,0.8956043956043956,0.8647214854111406,,balanced,,20.0,log2,2.0,8.0,600.0
random_forest,0.8796169630642955,0.8800304791235574,0.8796169630642955,0.8792906156991865,0.8796681119572464,0.9684475485146411,0.8358974358974359,0.8956043956043956,0.8647214854111406,,balanced,,,sqrt,4.0,2.0,600.0
random_forest,0.8796169630642955,0.8800304791235574,0.8796169630642955,0.8792906156991865,0.8796681119572464,0.9684475485146411,0.8358974358974359,0.8956043956043956,0.8647214854111406,,balanced,,,sqrt,4.0,4.0,600.0
random_forest,0.8796169630642955,0.8800304791235574,0.8796169630642955,0.8792906156991865,0.8796681119572464,0.9684475485146411,0.8358974358974359,0.8956043956043956,0.8647214854111406,,balanced,,,sqrt,4.0,8.0,600.0
random_forest,0.8796169630642955,0.8800304791235574,0.8796169630642955,0.8792906156991865,0.8796681119572464,0.9684475485146411,0.8358974358974359,0.8956043956043956,0.8647214854111406,,balanced,,,log2,4.0,2.0,600.0
random_forest,0.8796169630642955,0.8800304791235574,0.8796169630642955,0.8792906156991865,0.8796681119572464,0.9684475485146411,0.8358974358974359,0.8956043956043956,0.8647214854111406,,balanced,,,log2,4.0,4.0,600.0
random_forest,0.8796169630642955,0.8800304791235574,0.8796169630642955,0.8792906156991865,0.8796681119572464,0.9684475485146411,0.8358974358974359,0.8956043956043956,0.8647214854111406,,balanced,,,log2,4.0,8.0,600.0
random_forest,0.8796169630642955,0.8800304791235574,0.8796169630642955,0.8792906156991865,0.8796681119572464,0.9684475485146411,0.8358974358974359,0.8956043956043956,0.8647214854111406,,balanced,,20.0,sqrt,4.0,2.0,600.0
random_forest,0.8796169630642955,0.8800304791235574,0.8796169630642955,0.8792906156991865,0.8796681119572464,0.9684475485146411,0.8358974358974359,0.8956043956043956,0.8647214854111406,,balanced,,20.0,sqrt,4.0,4.0,600.0
random_forest,0.8796169630642955,0.8800304791235574,0.8796169630642955,0.8792906156991865,0.8796681119572464,0.9684475485146411,0.8358974358974359,0.8956043956043956,0.8647214854111406,,balanced,,20.0,sqrt,4.0,8.0,600.0
random_forest,0.8796169630642955,0.8800304791235574,0.8796169630642955,0.8792906156991865,0.8796681119572464,0.9684475485146411,0.8358974358974359,0.8956043956043956,0.8647214854111406,,balanced,,20.0,log2,4.0,2.0,600.0
random_forest,0.8796169630642955,0.8800304791235574,0.8796169630642955,0.8792906156991865,0.8796681119572464,0.9684475485146411,0.8358974358974359,0.8956043956043956,0.8647214854111406,,balanced,,20.0,log2,4.0,4.0,600.0
random_forest,0.8796169630642955,0.8800304791235574,0.8796169630642955,0.8792906156991865,0.8796681119572464,0.9684475485146411,0.8358974358974359,0.8956043956043956,0.8647214854111406,,balanced,,20.0,log2,4.0,8.0,600.0
random_forest,0.8796169630642955,0.8797643346848311,0.8796169630642955,0.8792090712101248,0.8795217130450336,0.9693473538231157,0.8393782383419689,0.8901098901098901,0.864,,balanced,,10.0,sqrt,1.0,4.0,200.0
random_forest,0.8796169630642955,0.8797643346848311,0.8796169630642955,0.8792090712101248,0.8795217130450336,0.9693473538231157,0.8393782383419689,0.8901098901098901,0.864,,balanced,,10.0,log2,1.0,4.0,200.0
random_forest,0.8796169630642955,0.8797281046273685,0.8796169630642955,0.8792973566639274,0.8792907630223806,0.9681472626341107,0.8385416666666666,0.8846153846153846,0.8609625668449198,,balanced,,10.0,sqrt,2.0,2.0,400.0
random_forest,0.8796169630642955,0.8797281046273685,0.8796169630642955,0.8792973566639274,0.8792907630223806,0.9681472626341107,0.8385416666666666,0.8846153846153846,0.8609625668449198,,balanced,,10.0,sqrt,2.0,4.0,400.0
random_forest,0.8796169630642955,0.8797281046273685,0.8796169630642955,0.8792973566639274,0.8792907630223806,0.9681472626341107,0.8385416666666666,0.8846153846153846,0.8609625668449198,,balanced,,10.0,log2,2.0,2.0,400.0
random_forest,0.8796169630642955,0.8797281046273685,0.8796169630642955,0.8792973566639274,0.8792907630223806,0.9681472626341107,0.8385416666666666,0.8846153846153846,0.8609625668449198,,balanced,,10.0,log2,2.0,4.0,400.0
random_forest,0.8796169630642955,0.8794620736305411,0.8796169630642955,0.8794830451611774,0.8789610083348398,0.9683040615624678,0.8700564971751412,0.8461538461538461,0.8579387186629527,,,,,sqrt,4.0,2.0,600.0
random_forest,0.8796169630642955,0.8794620736305411,0.8796169630642955,0.8794830451611774,0.8789610083348398,0.9683040615624678,0.8700564971751412,0.8461538461538461,0.8579387186629527,,,,,sqrt,4.0,4.0,600.0
random_forest,0.8796169630642955,0.8794620736305411,0.8796169630642955,0.8794830451611774,0.8789610083348398,0.9683040615624678,0.8700564971751412,0.8461538461538461,0.8579387186629527,,,,,sqrt,4.0,8.0,600.0
random_forest,0.8796169630642955,0.8794620736305411,0.8796169630642955,0.8794830451611774,0.8789610083348398,0.9683040615624678,0.8700564971751412,0.8461538461538461,0.8579387186629527,,,,,log2,4.0,2.0,600.0
random_forest,0.8796169630642955,0.8794620736305411,0.8796169630642955,0.8794830451611774,0.8789610083348398,0.9683040615624678,0.8700564971751412,0.8461538461538461,0.8579387186629527,,,,,log2,4.0,4.0,600.0
random_forest,0.8796169630642955,0.8794620736305411,0.8796169630642955,0.8794830451611774,0.8789610083348398,0.9683040615624678,0.8700564971751412,0.8461538461538461,0.8579387186629527,,,,,log2,4.0,8.0,600.0
random_forest,0.8796169630642955,0.8794620736305411,0.8796169630642955,0.8794830451611774,0.8789610083348398,0.9683040615624678,0.8700564971751412,0.8461538461538461,0.8579387186629527,,,,20.0,sqrt,4.0,2.0,600.0
random_forest,0.8796169630642955,0.8794620736305411,0.8796169630642955,0.8794830451611774,0.8789610083348398,0.9683040615624678,0.8700564971751412,0.8461538461538461,0.8579387186629527,,,,20.0,sqrt,4.0,4.0,600.0
random_forest,0.8796169630642955,0.8794620736305411,0.8796169630642955,0.8794830451611774,0.8789610083348398,0.9683040615624678,0.8700564971751412,0.8461538461538461,0.8579387186629527,,,,20.0,sqrt,4.0,8.0,600.0
random_forest,0.8796169630642955,0.8794620736305411,0.8796169630642955,0.8794830451611774,0.8789610083348398,0.9683040615624678,0.8700564971751412,0.8461538461538461,0.8579387186629527,,,,20.0,log2,4.0,2.0,600.0
random_forest,0.8796169630642955,0.8794620736305411,0.8796169630642955,0.8794830451611774,0.8789610083348398,0.9683040615624678,0.8700564971751412,0.8461538461538461,0.8579387186629527,,,,20.0,log2,4.0,4.0,600.0
random_forest,0.8796169630642955,0.8794620736305411,0.8796169630642955,0.8794830451611774,0.8789610083348398,0.9683040615624678,0.8700564971751412,0.8461538461538461,0.8579387186629527,,,,20.0,log2,4.0,8.0,600.0
random_forest,0.8796169630642955,0.8801937495300423,0.8796169630642955,0.8795561838713847,0.8789260249554367,0.968133242416928,0.888235294117647,0.8296703296703297,0.8579545454545454,,,,10.0,sqrt,4.0,2.0,400.0
random_forest,0.8796169630642955,0.8801937495300423,0.8796169630642955,0.8795561838713847,0.8789260249554367,0.968133242416928,0.888235294117647,0.8296703296703297,0.8579545454545454,,,,10.0,sqrt,4.0,4.0,400.0
random_forest,0.8796169630642955,0.8801937495300423,0.8796169630642955,0.8795561838713847,0.8789260249554367,0.968133242416928,0.888235294117647,0.8296703296703297,0.8579545454545454,,,,10.0,sqrt,4.0,8.0,400.0
random_forest,0.8796169630642955,0.8801937495300423,0.8796169630642955,0.8795561838713847,0.8789260249554367,0.968133242416928,0.888235294117647,0.8296703296703297,0.8579545454545454,,,,10.0,log2,4.0,2.0,400.0
random_forest,0.8796169630642955,0.8801937495300423,0.8796169630642955,0.8795561838713847,0.8789260249554367,0.968133242416928,0.888235294117647,0.8296703296703297,0.8579545454545454,,,,10.0,log2,4.0,4.0,400.0
random_forest,0.8796169630642955,0.8801937495300423,0.8796169630642955,0.8795561838713847,0.8789260249554367,0.968133242416928,0.888235294117647,0.8296703296703297,0.8579545454545454,,,,10.0,log2,4.0,8.0,400.0
random_forest,0.8796169630642955,0.879133796773858,0.8796169630642955,0.8792703737939691,0.8788113981743999,0.970607197239148,0.8700564971751412,0.8461538461538461,0.8579387186629527,,,,,sqrt,2.0,8.0,400.0
random_forest,0.8796169630642955,0.879133796773858,0.8796169630642955,0.8792703737939691,0.8788113981743999,0.970607197239148,0.8700564971751412,0.8461538461538461,0.8579387186629527,,,,,log2,2.0,8.0,400.0
random_forest,0.8796169630642955,0.8800864981821708,0.8796169630642955,0.8795041832178713,0.878339275103981,0.9703921501253976,0.8823529411764706,0.8241758241758241,0.8522727272727273,,,,10.0,sqrt,1.0,4.0,200.0
random_forest,0.8796169630642955,0.8800864981821708,0.8796169630642955,0.8795041832178713,0.878339275103981,0.9703921501253976,0.8823529411764706,0.8241758241758241,0.8522727272727273,,,,10.0,log2,1.0,4.0,200.0
random_forest,0.8782489740082079,0.8785658075939407,0.8782489740082079,0.877729637040263,0.8783082080488384,0.9696730426735478,0.8358974358974359,0.8956043956043956,0.8647214854111406,,balanced,,10.0,sqrt,1.0,4.0,400.0
random_forest,0.8782489740082079,0.8785658075939407,0.8782489740082079,0.877729637040263,0.8783082080488384,0.9696730426735478,0.8358974358974359,0.8956043956043956,0.8647214854111406,,balanced,,10.0,log2,1.0,4.0,400.0
random_forest,0.8782489740082079,0.8779023451809296,0.8782489740082079,0.8779377139075532,0.8783076259124617,0.9700944745356507,0.8548387096774194,0.8736263736263736,0.8641304347826086,,balanced,,20.0,sqrt,1.0,8.0,200.0
random_forest,0.8782489740082079,0.8779023451809296,0.8782489740082079,0.8779377139075532,0.8783076259124617,0.9700944745356507,0.8548387096774194,0.8736263736263736,0.8641304347826086,,balanced,,20.0,log2,1.0,8.0,200.0
random_forest,0.8782489740082079,0.8779023451809296,0.8782489740082079,0.8779377139075532,0.8783076259124617,0.9699266263791497,0.8548387096774194,0.8736263736263736,0.8641304347826086,,balanced,,,sqrt,1.0,8.0,200.0
random_forest,0.8782489740082079,0.8779023451809296,0.8782489740082079,0.8779377139075532,0.8783076259124617,0.9699266263791497,0.8548387096774194,0.8736263736263736,0.8641304347826086,,balanced,,,log2,1.0,8.0,200.0
random_forest,0.8782489740082079,0.8790308036835008,0.8782489740082079,0.8778695100656035,0.878294649850642,0.9693739290353898,0.8282828282828283,0.9010989010989011,0.8631578947368421,,balanced,,20.0,sqrt,2.0,8.0,400.0
random_forest,0.8782489740082079,0.8790308036835008,0.8782489740082079,0.8778695100656035,0.878294649850642,0.9693739290353898,0.8282828282828283,0.9010989010989011,0.8631578947368421,,balanced,,20.0,log2,2.0,8.0,400.0
random_forest,0.8782489740082079,0.8790308036835008,0.8782489740082079,0.8778695100656035,0.878294649850642,0.9692699106676003,0.8282828282828283,0.9010989010989011,0.8631578947368421,,balanced,,,sqrt,2.0,8.0,400.0
random_forest,0.8782489740082079,0.8790308036835008,0.8782489740082079,0.8778695100656035,0.878294649850642,0.9692699106676003,0.8282828282828283,0.9010989010989011,0.8631578947368421,,balanced,,,log2,2.0,8.0,400.0
random_forest,0.8782489740082079,0.8790308036835008,0.8782489740082079,0.8778695100656035,0.878294649850642,0.9689368115977015,0.8282828282828283,0.9010989010989011,0.8631578947368421,,balanced,,,sqrt,2.0,8.0,200.0
random_forest,0.8782489740082079,0.8790308036835008,0.8782489740082079,0.8778695100656035,0.878294649850642,0.9689368115977015,0.8282828282828283,0.9010989010989011,0.8631578947368421,,balanced,,,log2,2.0,8.0,200.0
random_forest,0.8782489740082079,0.8789973623600278,0.8782489740082079,0.8776211744382173,0.8781155814142813,0.9676120692380386,0.8282828282828283,0.9010989010989011,0.8631578947368421,,balanced,,,sqrt,4.0,2.0,200.0
random_forest,0.8782489740082079,0.8789973623600278,0.8782489740082079,0.8776211744382173,0.8781155814142813,0.9676120692380386,0.8282828282828283,0.9010989010989011,0.8631578947368421,,balanced,,,sqrt,4.0,4.0,200.0
random_forest,0.8782489740082079,0.8789973623600278,0.8782489740082079,0.8776211744382173,0.8781155814142813,0.9676120692380386,0.8282828282828283,0.9010989010989011,0.8631578947368421,,balanced,,,sqrt,4.0,8.0,200.0
random_forest,0.8782489740082079,0.8789973623600278,0.8782489740082079,0.8776211744382173,0.8781155814142813,0.9676120692380386,0.8282828282828283,0.9010989010989011,0.8631578947368421,,balanced,,,log2,4.0,2.0,200.0
random_forest,0.8782489740082079,0.8789973623600278,0.8782489740082079,0.8776211744382173,0.8781155814142813,0.9676120692380386,0.8282828282828283,0.9010989010989011,0.8631578947368421,,balanced,,,log2,4.0,4.0,200.0
random_forest,0.8782489740082079,0.8789973623600278,0.8782489740082079,0.8776211744382173,0.8781155814142813,0.9676120692380386,0.8282828282828283,0.9010989010989011,0.8631578947368421,,balanced,,,log2,4.0,8.0,200.0
random_forest,0.8782489740082079,0.8789973623600278,0.8782489740082079,0.8776211744382173,0.8781155814142813,0.9676120692380386,0.8282828282828283,0.9010989010989011,0.8631578947368421,,balanced,,20.0,sqrt,4.0,2.0,200.0
random_forest,0.8782489740082079,0.8789973623600278,0.8782489740082079,0.8776211744382173,0.8781155814142813,0.9676120692380386,0.8282828282828283,0.9010989010989011,0.8631578947368421,,balanced,,20.0,sqrt,4.0,4.0,200.0
random_forest,0.8782489740082079,0.8789973623600278,0.8782489740082079,0.8776211744382173,0.8781155814142813,0.9676120692380386,0.8282828282828283,0.9010989010989011,0.8631578947368421,,balanced,,20.0,sqrt,4.0,8.0,200.0
random_forest,0.8782489740082079,0.8789973623600278,0.8782489740082079,0.8776211744382173,0.8781155814142813,0.9676120692380386,0.8282828282828283,0.9010989010989011,0.8631578947368421,,balanced,,20.0,log2,4.0,2.0,200.0
random_forest,0.8782489740082079,0.8789973623600278,0.8782489740082079,0.8776211744382173,0.8781155814142813,0.9676120692380386,0.8282828282828283,0.9010989010989011,0.8631578947368421,,balanced,,20.0,log2,4.0,4.0,200.0
random_forest,0.8782489740082079,0.8789973623600278,0.8782489740082079,0.8776211744382173,0.8781155814142813,0.9676120692380386,0.8282828282828283,0.9010989010989011,0.8631578947368421,,balanced,,20.0,log2,4.0,8.0,200.0
random_forest,0.8796169630642955,0.8798060730820236,0.8796169630642955,0.8794330909052559,0.8780693385400423,0.9702178787363159,0.8771929824561403,0.8241758241758241,0.8498583569405099,,,,10.0,sqrt,2.0,2.0,200.0
random_forest,0.8796169630642955,0.8798060730820236,0.8796169630642955,0.8794330909052559,0.8780693385400423,0.9702178787363159,0.8771929824561403,0.8241758241758241,0.8498583569405099,,,,10.0,sqrt,2.0,4.0,200.0
random_forest,0.8796169630642955,0.8798060730820236,0.8796169630642955,0.8794330909052559,0.8780693385400423,0.9702178787363159,0.8771929824561403,0.8241758241758241,0.8498583569405099,,,,10.0,log2,2.0,2.0,200.0
random_forest,0.8796169630642955,0.8798060730820236,0.8796169630642955,0.8794330909052559,0.8780693385400423,0.9702178787363159,0.8771929824561403,0.8241758241758241,0.8498583569405099,,,,10.0,log2,2.0,4.0,200.0
random_forest,0.8782489740082079,0.8779181896418338,0.8782489740082079,0.8780256209563227,0.8779947179777401,0.9713823759087591,0.8707865168539326,0.8516483516483516,0.8611111111111112,,,,,sqrt,1.0,4.0,200.0
random_forest,0.8782489740082079,0.8779181896418338,0.8782489740082079,0.8780256209563227,0.8779947179777401,0.9713823759087591,0.8707865168539326,0.8516483516483516,0.8611111111111112,,,,,log2,1.0,4.0,200.0
random_forest,0.8782489740082079,0.8778610392595941,0.8782489740082079,0.8779970878512542,0.8774424112850824,0.969945294913133,0.8651685393258427,0.8461538461538461,0.8555555555555555,,,,10.0,sqrt,1.0,8.0,200.0
random_forest,0.8782489740082079,0.8778610392595941,0.8782489740082079,0.8779970878512542,0.8774424112850824,0.969945294913133,0.8651685393258427,0.8461538461538461,0.8555555555555555,,,,10.0,log2,1.0,8.0,200.0
random_forest,0.8768809849521204,0.8776871495182613,0.8768809849521204,0.8763131272348068,0.8772225454150823,0.9681011148238251,0.8291457286432161,0.9065934065934066,0.8661417322834646,,balanced,,10.0,sqrt,2.0,8.0,200.0
random_forest,0.8768809849521204,0.8776871495182613,0.8768809849521204,0.8763131272348068,0.8772225454150823,0.9681011148238251,0.8291457286432161,0.9065934065934066,0.8661417322834646,,balanced,,10.0,log2,2.0,8.0,200.0
random_forest,0.8768809849521204,0.8771801553728293,0.8768809849521204,0.8764066825010614,0.8771184787518725,0.9698945726510108,0.8358974358974359,0.8956043956043956,0.8647214854111406,,balanced,,10.0,sqrt,1.0,2.0,600.0
random_forest,0.8768809849521204,0.8771801553728293,0.8768809849521204,0.8764066825010614,0.8771184787518725,0.9698945726510108,0.8358974358974359,0.8956043956043956,0.8647214854111406,,balanced,,10.0,log2,1.0,2.0,600.0
random_forest,0.8768809849521204,0.8773178941441595,0.8768809849521204,0.8763417311597953,0.8768697215007544,0.9696587997831521,0.8316326530612245,0.8956043956043956,0.8624338624338624,,balanced,,10.0,sqrt,1.0,2.0,400.0
random_forest,0.8768809849521204,0.8773178941441595,0.8768809849521204,0.8763417311597953,0.8768697215007544,0.9696587997831521,0.8316326530612245,0.8956043956043956,0.8624338624338624,,balanced,,10.0,log2,1.0,2.0,400.0
random_forest,0.8768809849521204,0.8773178941441595,0.8768809849521204,0.8763417311597953,0.8768697215007544,0.9679317640275065,0.8316326530612245,0.8956043956043956,0.8624338624338624,,balanced,,10.0,sqrt,2.0,2.0,200.0
random_forest,0.8768809849521204,0.8773178941441595,0.8768809849521204,0.8763417311597953,0.8768697215007544,0.9679317640275065,0.8316326530612245,0.8956043956043956,0.8624338624338624,,balanced,,10.0,sqrt,2.0,4.0,200.0
random_forest,0.8768809849521204,0.8773178941441595,0.8768809849521204,0.8763417311597953,0.8768697215007544,0.9679317640275065,0.8316326530612245,0.8956043956043956,0.8624338624338624,,balanced,,10.0,log2,2.0,2.0,200.0
random_forest,0.8768809849521204,0.8773178941441595,0.8768809849521204,0.8763417311597953,0.8768697215007544,0.9679317640275065,0.8316326530612245,0.8956043956043956,0.8624338624338624,,balanced,,10.0,log2,2.0,4.0,200.0
random_forest,0.8768809849521204,0.877808424402611,0.8768809849521204,0.8764871106665614,0.8768635355331845,0.969079928685894,0.8241206030150754,0.9010989010989011,0.8608923884514436,,balanced,,20.0,sqrt,2.0,8.0,200.0
random_forest,0.8768809849521204,0.877808424402611,0.8768809849521204,0.8764871106665614,0.8768635355331845,0.969079928685894,0.8241206030150754,0.9010989010989011,0.8608923884514436,,balanced,,20.0,log2,2.0,8.0,200.0
random_forest,0.8768809849521204,0.8771054155919932,0.8768809849521204,0.8765967084826922,0.8766698738856272,0.968265530577884,0.8341968911917098,0.8846153846153846,0.8586666666666667,,balanced,,10.0,sqrt,2.0,2.0,600.0
random_forest,0.8768809849521204,0.8771054155919932,0.8768809849521204,0.8765967084826922,0.8766698738856272,0.968265530577884,0.8341968911917098,0.8846153846153846,0.8586666666666667,,balanced,,10.0,sqrt,2.0,4.0,600.0
random_forest,0.8768809849521204,0.8771054155919932,0.8768809849521204,0.8765967084826922,0.8766698738856272,0.968265530577884,0.8341968911917098,0.8846153846153846,0.8586666666666667,,balanced,,10.0,log2,2.0,2.0,600.0
random_forest,0.8768809849521204,0.8771054155919932,0.8768809849521204,0.8765967084826922,0.8766698738856272,0.968265530577884,0.8341968911917098,0.8846153846153846,0.8586666666666667,,balanced,,10.0,log2,2.0,4.0,600.0
random_forest,0.8768809849521204,0.8770278738755313,0.8768809849521204,0.8764750886778039,0.8765824950814253,0.9708068505169637,0.8341968911917098,0.8846153846153846,0.8586666666666667,,balanced,,20.0,sqrt,1.0,2.0,600.0
random_forest,0.8768809849521204,0.8770278738755313,0.8768809849521204,0.8764750886778039,0.8765824950814253,0.9708068505169637,0.8341968911917098,0.8846153846153846,0.8586666666666667,,balanced,,20.0,log2,1.0,2.0,600.0
random_forest,0.8768809849521204,0.8770278738755313,0.8768809849521204,0.8764750886778039,0.8765824950814253,0.9707390756382595,0.8341968911917098,0.8846153846153846,0.8586666666666667,,balanced,,,sqrt,1.0,2.0,600.0
random_forest,0.8768809849521204,0.8770278738755313,0.8768809849521204,0.8764750886778039,0.8765824950814253,0.9707390756382595,0.8341968911917098,0.8846153846153846,0.8586666666666667,,balanced,,,log2,1.0,2.0,600.0
random_forest,0.8768809849521204,0.8762228354039475,0.8768809849521204,0.8764321512064939,0.8755496467973649,0.9709809385376197,0.8595505617977528,0.8406593406593407,0.85,,,,,sqrt,1.0,2.0,200.0
random_forest,0.8768809849521204,0.8762228354039475,0.8768809849521204,0.8764321512064939,0.8755496467973649,0.9709809385376197,0.8595505617977528,0.8406593406593407,0.85,,,,,log2,1.0,2.0,200.0
random_forest,0.8755129958960328,0.8763111969818566,0.8755129958960328,0.8751456117166851,0.8753727215623206,0.9686190299647204,0.8232323232323232,0.8956043956043956,0.8578947368421053,,balanced,,10.0,sqrt,2.0,8.0,600.0
random_forest,0.8755129958960328,0.8763111969818566,0.8755129958960328,0.8751456117166851,0.8753727215623206,0.9686190299647204,0.8232323232323232,0.8956043956043956,0.8578947368421053,,balanced,,10.0,log2,2.0,8.0,600.0
random_forest,0.8755129958960328,0.8758268555925132,0.8755129958960328,0.874995311188558,0.8753723191294963,0.9675990833460177,0.8307692307692308,0.8901098901098901,0.8594164456233422,,balanced,,10.0,sqrt,4.0,2.0,600.0
random_forest,0.8755129958960328,0.8758268555925132,0.8755129958960328,0.874995311188558,0.8753723191294963,0.9675990833460177,0.8307692307692308,0.8901098901098901,0.8594164456233422,,balanced,,10.0,sqrt,4.0,4.0,600.0
random_forest,0.8755129958960328,0.8758268555925132,0.8755129958960328,0.874995311188558,0.8753723191294963,0.9675990833460177,0.8307692307692308,0.8901098901098901,0.8594164456233422,,balanced,,10.0,sqrt,4.0,8.0,600.0
random_forest,0.8755129958960328,0.8758268555925132,0.8755129958960328,0.874995311188558,0.8753723191294963,0.9675990833460177,0.8307692307692308,0.8901098901098901,0.8594164456233422,,balanced,,10.0,log2,4.0,2.0,600.0
random_forest,0.8755129958960328,0.8758268555925132,0.8755129958960328,0.874995311188558,0.8753723191294963,0.9675990833460177,0.8307692307692308,0.8901098901098901,0.8594164456233422,,balanced,,10.0,log2,4.0,4.0,600.0
random_forest,0.8755129958960328,0.8758268555925132,0.8755129958960328,0.874995311188558,0.8753723191294963,0.9675990833460177,0.8307692307692308,0.8901098901098901,0.8594164456233422,,balanced,,10.0,log2,4.0,8.0,600.0
random_forest,0.8755129958960328,0.8759996114424236,0.8755129958960328,0.8750564998398869,0.8752161912207385,0.9682848954913392,0.826530612244898,0.8901098901098901,0.8571428571428571,,balanced,,,sqrt,4.0,2.0,400.0
random_forest,0.8755129958960328,0.8759996114424236,0.8755129958960328,0.8750564998398869,0.8752161912207385,0.9682848954913392,0.826530612244898,0.8901098901098901,0.8571428571428571,,balanced,,,sqrt,4.0,4.0,400.0
random_forest,0.8755129958960328,0.8759996114424236,0.8755129958960328,0.8750564998398869,0.8752161912207385,0.9682848954913392,0.826530612244898,0.8901098901098901,0.8571428571428571,,balanced,,,sqrt,4.0,8.0,400.0
random_forest,0.8755129958960328,0.8759996114424236,0.8755129958960328,0.8750564998398869,0.8752161912207385,0.9682848954913392,0.826530612244898,0.8901098901098901,0.8571428571428571,,balanced,,,log2,4.0,2.0,400.0
random_forest,0.8755129958960328,0.8759996114424236,0.8755129958960328,0.8750564998398869,0.8752161912207385,0.9682848954913392,0.826530612244898,0.8901098901098901,0.8571428571428571,,balanced,,,log2,4.0,4.0,400.0
random_forest,0.8755129958960328,0.8759996114424236,0.8755129958960328,0.8750564998398869,0.8752161912207385,0.9682848954913392,0.826530612244898,0.8901098901098901,0.8571428571428571,,balanced,,,log2,4.0,8.0,400.0
random_forest,0.8755129958960328,0.8759996114424236,0.8755129958960328,0.8750564998398869,0.8752161912207385,0.9682848954913392,0.826530612244898,0.8901098901098901,0.8571428571428571,,balanced,,20.0,sqrt,4.0,2.0,400.0
random_forest,0.8755129958960328,0.8759996114424236,0.8755129958960328,0.8750564998398869,0.8752161912207385,0.9682848954913392,0.826530612244898,0.8901098901098901,0.8571428571428571,,balanced,,20.0,sqrt,4.0,4.0,400.0
random_forest,0.8755129958960328,0.8759996114424236,0.8755129958960328,0.8750564998398869,0.8752161912207385,0.9682848954913392,0.826530612244898,0.8901098901098901,0.8571428571428571,,balanced,,20.0,sqrt,4.0,8.0,400.0
random_forest,0.8755129958960328,0.8759996114424236,0.8755129958960328,0.8750564998398869,0.8752161912207385,0.9682848954913392,0.826530612244898,0.8901098901098901,0.8571428571428571,,balanced,,20.0,log2,4.0,2.0,400.0
random_forest,0.8755129958960328,0.8759996114424236,0.8755129958960328,0.8750564998398869,0.8752161912207385,0.9682848954913392,0.826530612244898,0.8901098901098901,0.8571428571428571,,balanced,,20.0,log2,4.0,4.0,400.0
random_forest,0.8755129958960328,0.8759996114424236,0.8755129958960328,0.8750564998398869,0.8752161912207385,0.9682848954913392,0.826530612244898,0.8901098901098901,0.8571428571428571,,balanced,,20.0,log2,4.0,8.0,400.0
random_forest,0.8755129958960328,0.8751488339296348,0.8755129958960328,0.8751250985743085,0.8750903574572059,0.9705548435857236,0.8449197860962567,0.8681318681318682,0.8563685636856369,,balanced,,20.0,sqrt,1.0,4.0,200.0
random_forest,0.8755129958960328,0.8751488339296348,0.8755129958960328,0.8751250985743085,0.8750903574572059,0.9705548435857236,0.8449197860962567,0.8681318681318682,0.8563685636856369,,balanced,,20.0,log2,1.0,4.0,200.0
random_forest,0.8755129958960328,0.8750636615205698,0.8755129958960328,0.8751485524754666,0.8750097879830266,0.9706378881856569,0.8486486486486486,0.8626373626373627,0.8555858310626703,,balanced,,,sqrt,1.0,4.0,200.0
random_forest,0.8755129958960328,0.8750636615205698,0.8755129958960328,0.8751485524754666,0.8750097879830266,0.9706378881856569,0.8486486486486486,0.8626373626373627,0.8555858310626703,,balanced,,,log2,1.0,4.0,200.0
random_forest,0.8755129958960328,0.875357552030442,0.8755129958960328,0.8752886105527788,0.8748173980477126,0.9684348472992702,0.8735632183908046,0.8351648351648352,0.8539325842696629,,,,20.0,sqrt,4.0,2.0,400.0
random_forest,0.8755129958960328,0.875357552030442,0.8755129958960328,0.8752886105527788,0.8748173980477126,0.9684348472992702,0.8735632183908046,0.8351648351648352,0.8539325842696629,,,,20.0,sqrt,4.0,4.0,400.0
random_forest,0.8755129958960328,0.875357552030442,0.8755129958960328,0.8752886105527788,0.8748173980477126,0.9684348472992702,0.8735632183908046,0.8351648351648352,0.8539325842696629,,,,20.0,sqrt,4.0,8.0,400.0
random_forest,0.8755129958960328,0.875357552030442,0.8755129958960328,0.8752886105527788,0.8748173980477126,0.9684348472992702,0.8735632183908046,0.8351648351648352,0.8539325842696629,,,,20.0,log2,4.0,2.0,400.0
random_forest,0.8755129958960328,0.875357552030442,0.8755129958960328,0.8752886105527788,0.8748173980477126,0.9684348472992702,0.8735632183908046,0.8351648351648352,0.8539325842696629,,,,20.0,log2,4.0,4.0,400.0
random_forest,0.8755129958960328,0.875357552030442,0.8755129958960328,0.8752886105527788,0.8748173980477126,0.9684348472992702,0.8735632183908046,0.8351648351648352,0.8539325842696629,,,,20.0,log2,4.0,8.0,400.0
random_forest,0.8755129958960328,0.8750706771292854,0.8755129958960328,0.8752058269873768,0.8746461919430749,0.9710469118660239,0.864406779661017,0.8406593406593407,0.8523676880222841,,,,20.0,sqrt,1.0,2.0,200.0
random_forest,0.8755129958960328,0.8750706771292854,0.8755129958960328,0.8752058269873768,0.8746461919430749,0.9710469118660239,0.864406779661017,0.8406593406593407,0.8523676880222841,,,,20.0,log2,1.0,2.0,200.0
random_forest,0.8755129958960328,0.8755900519640762,0.8755129958960328,0.8754667370050991,0.8745097608799092,0.9679449002374253,0.8636363636363636,0.8351648351648352,0.8491620111731844,,,,20.0,sqrt,4.0,2.0,200.0
random_forest,0.8755129958960328,0.8755900519640762,0.8755129958960328,0.8754667370050991,0.8745097608799092,0.9679449002374253,0.8636363636363636,0.8351648351648352,0.8491620111731844,,,,20.0,sqrt,4.0,4.0,200.0
random_forest,0.8755129958960328,0.8755900519640762,0.8755129958960328,0.8754667370050991,0.8745097608799092,0.9679449002374253,0.8636363636363636,0.8351648351648352,0.8491620111731844,,,,20.0,sqrt,4.0,8.0,200.0
random_forest,0.8755129958960328,0.8755900519640762,0.8755129958960328,0.8754667370050991,0.8745097608799092,0.9679449002374253,0.8636363636363636,0.8351648351648352,0.8491620111731844,,,,20.0,log2,4.0,2.0,200.0
random_forest,0.8755129958960328,0.8755900519640762,0.8755129958960328,0.8754667370050991,0.8745097608799092,0.9679449002374253,0.8636363636363636,0.8351648351648352,0.8491620111731844,,,,20.0,log2,4.0,4.0,200.0
random_forest,0.8755129958960328,0.8755900519640762,0.8755129958960328,0.8754667370050991,0.8745097608799092,0.9679449002374253,0.8636363636363636,0.8351648351648352,0.8491620111731844,,,,20.0,log2,4.0,8.0,200.0
random_forest,0.8741450068399452,0.8748778145081393,0.8741450068399452,0.8736952729378165,0.8740908260233918,0.9685370568920113,0.8232323232323232,0.8956043956043956,0.8578947368421053,,balanced,,10.0,sqrt,2.0,8.0,400.0
random_forest,0.8741450068399452,0.8748778145081393,0.8741450068399452,0.8736952729378165,0.8740908260233918,0.9685370568920113,0.8232323232323232,0.8956043956043956,0.8578947368421053,,balanced,,10.0,log2,2.0,8.0,400.0
random_forest,0.8741450068399452,0.8748501536463232,0.8741450068399452,0.8735662679174919,0.8739976482555653,0.9671612849488427,0.8232323232323232,0.8956043956043956,0.8578947368421053,,balanced,,10.0,sqrt,4.0,2.0,200.0
random_forest,0.8741450068399452,0.8748501536463232,0.8741450068399452,0.8735662679174919,0.8739976482555653,0.9671612849488427,0.8232323232323232,0.8956043956043956,0.8578947368421053,,balanced,,10.0,sqrt,4.0,4.0,200.0
random_forest,0.8741450068399452,0.8748501536463232,0.8741450068399452,0.8735662679174919,0.8739976482555653,0.9671612849488427,0.8232323232323232,0.8956043956043956,0.8578947368421053,,balanced,,10.0,sqrt,4.0,8.0,200.0
random_forest,0.8741450068399452,0.8748501536463232,0.8741450068399452,0.8735662679174919,0.8739976482555653,0.9671612849488427,0.8232323232323232,0.8956043956043956,0.8578947368421053,,balanced,,10.0,log2,4.0,2.0,200.0
random_forest,0.8741450068399452,0.8748501536463232,0.8741450068399452,0.8735662679174919,0.8739976482555653,0.9671612849488427,0.8232323232323232,0.8956043956043956,0.8578947368421053,,balanced,,10.0,log2,4.0,4.0,200.0
random_forest,0.8741450068399452,0.8748501536463232,0.8741450068399452,0.8735662679174919,0.8739976482555653,0.9671612849488427,0.8232323232323232,0.8956043956043956,0.8578947368421053,,balanced,,10.0,log2,4.0,8.0,200.0
random_forest,0.8741450068399452,0.8739004223545946,0.8741450068399452,0.8739067798109443,0.8733706063427426,0.9684279113252232,0.8685714285714285,0.8351648351648352,0.8515406162464986,,,,,sqrt,4.0,2.0,400.0
random_forest,0.8741450068399452,0.8739004223545946,0.8741450068399452,0.8739067798109443,0.8733706063427426,0.9684279113252232,0.8685714285714285,0.8351648351648352,0.8515406162464986,,,,,sqrt,4.0,4.0,400.0
random_forest,0.8741450068399452,0.8739004223545946,0.8741450068399452,0.8739067798109443,0.8733706063427426,0.9684279113252232,0.8685714285714285,0.8351648351648352,0.8515406162464986,,,,,sqrt,4.0,8.0,400.0
random_forest,0.8741450068399452,0.8739004223545946,0.8741450068399452,0.8739067798109443,0.8733706063427426,0.9684279113252232,0.8685714285714285,0.8351648351648352,0.8515406162464986,,,,,log2,4.0,2.0,400.0
random_forest,0.8741450068399452,0.8739004223545946,0.8741450068399452,0.8739067798109443,0.8733706063427426,0.9684279113252232,0.8685714285714285,0.8351648351648352,0.8515406162464986,,,,,log2,4.0,4.0,400.0
random_forest,0.8741450068399452,0.8739004223545946,0.8741450068399452,0.8739067798109443,0.8733706063427426,0.9684279113252232,0.8685714285714285,0.8351648351648352,0.8515406162464986,,,,,log2,4.0,8.0,400.0
random_forest,0.8741450068399452,0.8744149278327763,0.8741450068399452,0.8740453933719554,0.8730338897836405,0.9678629938049318,0.872093023255814,0.8241758241758241,0.847457627118644,,,,10.0,sqrt,4.0,2.0,200.0
random_forest,0.8741450068399452,0.8744149278327763,0.8741450068399452,0.8740453933719554,0.8730338897836405,0.9678629938049318,0.872093023255814,0.8241758241758241,0.847457627118644,,,,10.0,sqrt,4.0,4.0,200.0
random_forest,0.8741450068399452,0.8744149278327763,0.8741450068399452,0.8740453933719554,0.8730338897836405,0.9678629938049318,0.872093023255814,0.8241758241758241,0.847457627118644,,,,10.0,sqrt,4.0,8.0,200.0
random_forest,0.8741450068399452,0.8744149278327763,0.8741450068399452,0.8740453933719554,0.8730338897836405,0.9678629938049318,0.872093023255814,0.8241758241758241,0.847457627118644,,,,10.0,log2,4.0,2.0,200.0
random_forest,0.8741450068399452,0.8744149278327763,0.8741450068399452,0.8740453933719554,0.8730338897836405,0.9678629938049318,0.872093023255814,0.8241758241758241,0.847457627118644,,,,10.0,log2,4.0,4.0,200.0
random_forest,0.8741450068399452,0.8744149278327763,0.8741450068399452,0.8740453933719554,0.8730338897836405,0.9678629938049318,0.872093023255814,0.8241758241758241,0.847457627118644,,,,10.0,log2,4.0,8.0,200.0
random_forest,0.8741450068399452,0.874269841299546,0.8741450068399452,0.8740905845938154,0.872961469059963,0.9678219080630782,0.8628571428571429,0.8296703296703297,0.84593837535014,,,,,sqrt,4.0,2.0,200.0
random_forest,0.8741450068399452,0.874269841299546,0.8741450068399452,0.8740905845938154,0.872961469059963,0.9678219080630782,0.8628571428571429,0.8296703296703297,0.84593837535014,,,,,sqrt,4.0,4.0,200.0
random_forest,0.8741450068399452,0.874269841299546,0.8741450068399452,0.8740905845938154,0.872961469059963,0.9678219080630782,0.8628571428571429,0.8296703296703297,0.84593837535014,,,,,sqrt,4.0,8.0,200.0
random_forest,0.8741450068399452,0.874269841299546,0.8741450068399452,0.8740905845938154,0.872961469059963,0.9678219080630782,0.8628571428571429,0.8296703296703297,0.84593837535014,,,,,log2,4.0,2.0,200.0
random_forest,0.8741450068399452,0.874269841299546,0.8741450068399452,0.8740905845938154,0.872961469059963,0.9678219080630782,0.8628571428571429,0.8296703296703297,0.84593837535014,,,,,log2,4.0,4.0,200.0
random_forest,0.8741450068399452,0.874269841299546,0.8741450068399452,0.8740905845938154,0.872961469059963,0.9678219080630782,0.8628571428571429,0.8296703296703297,0.84593837535014,,,,,log2,4.0,8.0,200.0
random_forest,0.8727770177838577,0.8734526253972668,0.8727770177838577,0.8722445032390531,0.8728089017701448,0.9673116613994435,0.8232323232323232,0.8956043956043956,0.8578947368421053,,balanced,,10.0,sqrt,4.0,2.0,400.0
random_forest,0.8727770177838577,0.8734526253972668,0.8727770177838577,0.8722445032390531,0.8728089017701448,0.9673116613994435,0.8232323232323232,0.8956043956043956,0.8578947368421053,,balanced,,10.0,sqrt,4.0,4.0,400.0
random_forest,0.8727770177838577,0.8734526253972668,0.8727770177838577,0.8722445032390531,0.8728089017701448,0.9673116613994435,0.8232323232323232,0.8956043956043956,0.8578947368421053,,balanced,,10.0,sqrt,4.0,8.0,400.0
random_forest,0.8727770177838577,0.8734526253972668,0.8727770177838577,0.8722445032390531,0.8728089017701448,0.9673116613994435,0.8232323232323232,0.8956043956043956,0.8578947368421053,,balanced,,10.0,log2,4.0,2.0,400.0
random_forest,0.8727770177838577,0.8734526253972668,0.8727770177838577,0.8722445032390531,0.8728089017701448,0.9673116613994435,0.8232323232323232,0.8956043956043956,0.8578947368421053,,balanced,,10.0,log2,4.0,4.0,400.0
random_forest,0.8727770177838577,0.8734526253972668,0.8727770177838577,0.8722445032390531,0.8728089017701448,0.9673116613994435,0.8232323232323232,0.8956043956043956,0.8578947368421053,,balanced,,10.0,log2,4.0,8.0,400.0
random_forest,0.8741450068399452,0.8740606090847532,0.8741450068399452,0.8740233636142842,0.8727016762727137,0.9693736759535345,0.8579545454545454,0.8296703296703297,0.8435754189944135,,,,20.0,sqrt,2.0,2.0,200.0
random_forest,0.8741450068399452,0.8740606090847532,0.8741450068399452,0.8740233636142842,0.8727016762727137,0.9693736759535345,0.8579545454545454,0.8296703296703297,0.8435754189944135,,,,20.0,sqrt,2.0,4.0,200.0
random_forest,0.8741450068399452,0.8740606090847532,0.8741450068399452,0.8740233636142842,0.8727016762727137,0.9693736759535345,0.8579545454545454,0.8296703296703297,0.8435754189944135,,,,20.0,log2,2.0,2.0,200.0
random_forest,0.8741450068399452,0.8740606090847532,0.8741450068399452,0.8740233636142842,0.8727016762727137,0.9693736759535345,0.8579545454545454,0.8296703296703297,0.8435754189944135,,,,20.0,log2,2.0,4.0,200.0
random_forest,0.8741450068399452,0.8740606090847532,0.8741450068399452,0.8740233636142842,0.8727016762727137,0.9693711991588471,0.8579545454545454,0.8296703296703297,0.8435754189944135,,,,,sqrt,2.0,2.0,200.0
random_forest,0.8741450068399452,0.8740606090847532,0.8741450068399452,0.8740233636142842,0.8727016762727137,0.9693711991588471,0.8579545454545454,0.8296703296703297,0.8435754189944135,,,,,sqrt,2.0,4.0,200.0
random_forest,0.8741450068399452,0.8740606090847532,0.8741450068399452,0.8740233636142842,0.8727016762727137,0.9693711991588471,0.8579545454545454,0.8296703296703297,0.8435754189944135,,,,,log2,2.0,2.0,200.0
random_forest,0.8741450068399452,0.8740606090847532,0.8741450068399452,0.8740233636142842,0.8727016762727137,0.9693711991588471,0.8579545454545454,0.8296703296703297,0.8435754189944135,,,,,log2,2.0,4.0,200.0
random_forest,0.8727770177838577,0.8736299731444391,0.8727770177838577,0.8721786328560328,0.8725639731695881,0.9698521875327807,0.8190954773869347,0.8956043956043956,0.8556430446194225,,balanced,,10.0,sqrt,1.0,2.0,200.0
random_forest,0.8727770177838577,0.8736299731444391,0.8727770177838577,0.8721786328560328,0.8725639731695881,0.9698521875327807,0.8190954773869347,0.8956043956043956,0.8556430446194225,,balanced,,10.0,log2,1.0,2.0,200.0
logistic_regression,0.8673050615595075,0.866803078407315,0.8673050615595075,0.866927679840307,0.867283117151158,0.9690035220121818,0.864406779661017,0.8406593406593407,0.8523676880222841,0.01,,lbfgs,,,,,
logistic_regression,0.8590971272229823,0.860857790263666,0.8590971272229823,0.8577049031913342,0.8598419168826177,0.9693122287142862,0.8058252427184466,0.9120879120879121,0.8556701030927835,0.01,balanced,lbfgs,,,,,
