model,mae,rmse,r2,mean_residual,median_absolute_error,maximum_absolute_error,param_alpha,param_max_depth,param_max_features,param_min_samples_leaf,param_min_samples_split,param_n_estimators
ridge_regression,2.8872657820538645,3.5172010320510942,0.9644560075273011,-0.026652598922473566,2.6659565071736466,10.600956725382318,10.0,,,,,
ridge_regression,2.8874095713006946,3.5178054168284185,0.9644437909417257,-0.02740099312301634,2.631173094564346,10.595264434954103,5.0,,,,,
ridge_regression,2.887696488854709,3.5186220872682674,0.9644272800367435,-0.027965401906300744,2.6161835037311647,10.592307520439064,2.0,,,,,
ridge_regression,2.887829743527859,3.518997574735291,0.9644196873923045,-0.02818032277334339,2.625859029413043,10.59149024813884,1.0,,,,,
ridge_regression,2.887905049388207,3.519208510629994,0.9644154217513929,-0.0282938312785121,2.631360037310756,10.591126191526612,0.5,,,,,
ridge_regression,2.8879698689392335,3.5193893697101886,0.9644117641338089,-0.02838779825070112,2.635837215193021,10.590859665907303,0.1,,,,,
ridge_regression,2.8879850424477778,3.5194316156572065,0.9644109097425537,-0.028409345935051993,2.6368542576793956,10.590802959951588,0.01,,,,,
ridge_regression,2.8879865720076445,3.5194358723640082,0.9644108236534173,-0.028411509080630375,2.6369561608792793,10.590797357776879,0.001,,,,,
ridge_regression,2.8889057264767155,3.5185435097022073,0.964428868832853,-0.025158837427219836,2.6491099915792304,10.61638473095796,25.0,,,,,
ridge_regression,2.894163963558132,3.525409270137023,0.9642899129601902,-0.023694899950261798,2.6053126672779072,10.626773304247465,50.0,,,,,
ridge_regression,2.9074832959994787,3.5442887148984754,0.9639064160198214,-0.022059993626424766,2.6262662291748313,10.60034653165188,100.0,,,,,
random_forest_regressor,3.0447161689701083,3.749388867776672,0.9596082382872482,-0.07801123038611976,2.6063254238816853,12.586577261904772,,,1.0,2.0,2.0,200.0
random_forest_regressor,3.0447161689701088,3.749388867776672,0.9596082382872482,-0.07801123038611965,2.6063254238816853,12.586577261904772,,,1.0,2.0,4.0,200.0
random_forest_regressor,3.0447161689701088,3.7493888677766725,0.9596082382872482,-0.0780112303861196,2.6063254238816853,12.586577261904772,,30.0,1.0,2.0,2.0,200.0
random_forest_regressor,3.0447161689701088,3.7493888677766725,0.9596082382872482,-0.0780112303861198,2.6063254238816853,12.586577261904772,,30.0,1.0,2.0,4.0,200.0
random_forest_regressor,3.0458091617174055,3.7509283735170573,0.9595750616189903,-0.07815223006150837,2.611314166666695,12.5911105952381,,20.0,1.0,2.0,4.0,200.0
random_forest_regressor,3.045809161717406,3.7509283735170573,0.9595750616189903,-0.07815223006150882,2.6113141666666877,12.5911105952381,,20.0,1.0,2.0,2.0,200.0
random_forest_regressor,3.0494366692893498,3.7503904895477103,0.9595866546781532,-0.09014149489484583,2.7173923908730053,12.359333839285704,,30.0,1.0,2.0,2.0,400.0
random_forest_regressor,3.0494366692893498,3.750390489547711,0.9595866546781532,-0.09014149489484592,2.7173923908730124,12.359333839285704,,,1.0,2.0,2.0,400.0
random_forest_regressor,3.04943666928935,3.7503904895477107,0.9595866546781532,-0.09014149489484612,2.7173923908730124,12.359333839285704,,30.0,1.0,2.0,4.0,400.0
random_forest_regressor,3.04943666928935,3.750390489547711,0.9595866546781532,-0.09014149489484626,2.7173923908730124,12.359333839285704,,,1.0,2.0,4.0,400.0
random_forest_regressor,3.050380233244489,3.751216443864697,0.9595688521305287,-0.0910119977459429,2.7158821428571684,12.370175505952368,,20.0,1.0,2.0,2.0,400.0
random_forest_regressor,3.050380233244489,3.751216443864697,0.9595688521305287,-0.09101199774594297,2.7158821428571684,12.370175505952368,,20.0,1.0,2.0,4.0,400.0
random_forest_regressor,3.050625967077727,3.7728964256624136,0.9591001617506845,-0.0707731159750373,2.6249688891962393,12.713393042557335,,10.0,1.0,2.0,8.0,200.0
random_forest_regressor,3.0510709835217704,3.7555817990684357,0.959474696530449,-0.08347459236689825,2.5920494018155154,12.541382182123478,,20.0,1.0,2.0,8.0,200.0
random_forest_regressor,3.0511972631395157,3.7557206928904474,0.9594716989558134,-0.08346606191669045,2.5920494018155225,12.541382182123478,,,1.0,2.0,8.0,200.0
random_forest_regressor,3.0511972631395166,3.7557206928904474,0.9594716989558134,-0.08346606191669048,2.5920494018155225,12.541382182123478,,30.0,1.0,2.0,8.0,200.0
random_forest_regressor,3.051667522575339,3.757531644802645,0.9594326052610416,-0.09532007915477023,2.6294486177248544,12.380879603174627,,,1.0,2.0,2.0,600.0
random_forest_regressor,3.051667522575339,3.757531644802645,0.9594326052610416,-0.09532007915477018,2.6294486177248544,12.380879603174627,,30.0,1.0,2.0,4.0,600.0
random_forest_regressor,3.051667522575339,3.757531644802645,0.9594326052610415,-0.09532007915477006,2.6294486177248615,12.380879603174641,,,1.0,2.0,4.0,600.0
random_forest_regressor,3.051667522575339,3.757531644802645,0.9594326052610415,-0.09532007915476967,2.6294486177248615,12.380879603174627,,30.0,1.0,2.0,2.0,600.0
random_forest_regressor,3.052388217975803,3.758105894488407,0.9594202047832865,-0.09612132530059478,2.636885330687818,12.388107380952412,,20.0,1.0,2.0,2.0,600.0
random_forest_regressor,3.0523882179758037,3.7581058944884074,0.9594202047832865,-0.09612132530059488,2.636885330687818,12.388107380952412,,20.0,1.0,2.0,4.0,600.0
random_forest_regressor,3.0527117019022945,3.767829046835393,0.9592099531517108,-0.08513558682542818,2.6393321438283763,12.459619832902597,,,1.0,4.0,2.0,200.0
random_forest_regressor,3.0527117019022945,3.767829046835393,0.9592099531517108,-0.08513558682542845,2.6393321438283905,12.459619832902597,,20.0,1.0,4.0,2.0,200.0
random_forest_regressor,3.052711701902295,3.767829046835393,0.9592099531517108,-0.08513558682542845,2.6393321438283763,12.459619832902597,,,1.0,4.0,8.0,200.0
random_forest_regressor,3.052711701902295,3.767829046835393,0.9592099531517108,-0.08513558682542817,2.6393321438283905,12.459619832902597,,20.0,1.0,4.0,4.0,200.0
random_forest_regressor,3.052711701902295,3.767829046835393,0.9592099531517108,-0.08513558682542809,2.6393321438283905,12.459619832902597,,20.0,1.0,4.0,8.0,200.0
random_forest_regressor,3.052711701902295,3.767829046835393,0.9592099531517108,-0.08513558682542768,2.6393321438283905,12.459619832902582,,30.0,1.0,4.0,4.0,200.0
random_forest_regressor,3.052711701902295,3.7678290468353937,0.9592099531517106,-0.08513558682542821,2.6393321438283905,12.459619832902582,,30.0,1.0,4.0,2.0,200.0
random_forest_regressor,3.052711701902296,3.767829046835393,0.9592099531517108,-0.08513558682542796,2.6393321438283905,12.459619832902597,,,1.0,4.0,4.0,200.0
random_forest_regressor,3.052711701902296,3.767829046835393,0.9592099531517108,-0.08513558682542836,2.6393321438283905,12.459619832902597,,30.0,1.0,4.0,8.0,200.0
random_forest_regressor,3.0541245761877276,3.7786205151610317,0.9589759643687807,-0.07047989799036557,2.710010749502061,12.482820595420812,,10.0,1.0,4.0,2.0,200.0
random_forest_regressor,3.0541245761877276,3.7786205151610326,0.9589759643687806,-0.07047989799036564,2.710010749502068,12.482820595420812,,10.0,1.0,4.0,4.0,200.0
random_forest_regressor,3.054124576187728,3.7786205151610317,0.9589759643687807,-0.07047989799036591,2.710010749502061,12.482820595420812,,10.0,1.0,4.0,8.0,200.0
random_forest_regressor,3.05450183774951,3.7653166354364402,0.9592643331194788,-0.09760849300287766,2.618553570639641,12.352451052615741,,,1.0,1.0,8.0,600.0
random_forest_regressor,3.05450183774951,3.765316635436441,0.9592643331194787,-0.09760849300287772,2.618553570639641,12.352451052615741,,30.0,1.0,1.0,8.0,600.0
random_forest_regressor,3.0547433202113514,3.7620306562764743,0.9593354018540952,-0.09491560585008724,2.6262598094035923,12.36177556878311,,20.0,1.0,1.0,4.0,600.0
random_forest_regressor,3.0547525519568337,3.762799043023467,0.9593187888426017,-0.09720315460404995,2.607937255291013,12.37166088624344,,,1.0,1.0,4.0,600.0
random_forest_regressor,3.054752551956834,3.762799043023467,0.9593187888426017,-0.09720315460404971,2.607937255291013,12.371660886243426,,30.0,1.0,1.0,4.0,600.0
random_forest_regressor,3.0547907665669585,3.7657227729122993,0.9592555449219473,-0.09715859529539697,2.618553570639641,12.359635240649943,,20.0,1.0,1.0,8.0,600.0
random_forest_regressor,3.0553302765239367,3.765233408269959,0.9592661339118095,-0.09500617525448361,2.5963944476425667,12.466556905224358,,20.0,1.0,2.0,8.0,600.0
random_forest_regressor,3.055405420122152,3.765288733521056,0.9592649368397123,-0.09499208981376407,2.5963944476425524,12.466556905224358,,,1.0,2.0,8.0,600.0
random_forest_regressor,3.0554054201221525,3.7652887335210563,0.9592649368397123,-0.09499208981376407,2.5963944476425524,12.466556905224344,,30.0,1.0,2.0,8.0,600.0
random_forest_regressor,3.0554753513534636,3.776026521321933,0.9590322704033989,-0.05854092611013386,2.617299771352286,12.710775200064866,,10.0,1.0,2.0,4.0,200.0
random_forest_regressor,3.0554753513534645,3.7760265213219335,0.9590322704033989,-0.058540926110133826,2.617299771352286,12.71077520006488,,10.0,1.0,2.0,2.0,200.0
random_forest_regressor,3.0556342181561367,3.7587122103042816,0.9594071098056043,-0.09157937716423772,2.623141982531436,12.205458073315562,,30.0,1.0,1.0,8.0,400.0
random_forest_regressor,3.0556342181561367,3.758712210304282,0.9594071098056043,-0.09157937716423753,2.623141982531436,12.205458073315562,,,1.0,1.0,8.0,400.0
random_forest_regressor,3.0559025231432164,3.7635465562544117,0.9593026238740103,-0.10049075188474423,2.6541333333331494,12.313533333333275,,20.0,1.0,1.0,2.0,600.0
random_forest_regressor,3.0561223894208864,3.7616703228691994,0.9593431913235646,-0.09787665298679954,2.6231166666665615,12.370483333333333,,30.0,1.0,1.0,2.0,600.0
random_forest_regressor,3.0561223894208864,3.7616703228692,0.9593431913235646,-0.09787665298679922,2.6231166666665615,12.370483333333347,,,1.0,1.0,2.0,600.0
random_forest_regressor,3.0561501240065025,3.759328343614956,0.9593938006293149,-0.09144494961652927,2.623581105908059,12.216234355366844,,20.0,1.0,1.0,8.0,400.0
random_forest_regressor,3.0568370384431462,3.7751754504660786,0.9590507355869752,-0.07645336866207444,2.629453650810575,12.486881643134076,,10.0,1.0,2.0,8.0,400.0
random_forest_regressor,3.0570720034535794,3.758831193006859,0.9594045398146311,-0.08889601007553319,2.5728628316821727,12.428903495254723,,20.0,1.0,2.0,8.0,400.0
random_forest_regressor,3.0571729750248524,3.758908765202176,0.9594028642344845,-0.08889792605010091,2.5728628316821656,12.428903495254723,,,1.0,2.0,8.0,400.0
random_forest_regressor,3.0571729750248537,3.758908765202177,0.9594028642344845,-0.08889792605010127,2.5728628316821656,12.428903495254737,,30.0,1.0,2.0,8.0,400.0
random_forest_regressor,3.0571966318335626,3.7613158736424155,0.9593508528644352,-0.09154110817628187,2.622593577602956,12.481773686036227,,30.0,1.0,1.0,8.0,200.0
random_forest_regressor,3.0571966318335626,3.7613158736424164,0.9593508528644351,-0.09154110817628172,2.6225935776029417,12.481773686036227,,,1.0,1.0,8.0,200.0
random_forest_regressor,3.057332359709019,3.7574515240454205,0.9594343352561765,-0.09141155754216566,2.6159671428571514,12.141912698412646,,20.0,1.0,1.0,4.0,400.0
random_forest_regressor,3.0573898350976427,3.7585252335903956,0.9594111482826204,-0.09568948625701905,2.625413095238102,12.181100257936457,,,1.0,1.0,4.0,400.0
random_forest_regressor,3.0573898350976427,3.7585252335903956,0.9594111482826204,-0.09568948625701912,2.625413095238102,12.181100257936457,,30.0,1.0,1.0,4.0,400.0
random_forest_regressor,3.057490887819952,3.7803823109810666,0.9589377002331383,-0.07863753170096156,2.6766730538945183,12.483378650649492,,10.0,1.0,2.0,8.0,600.0
random_forest_regressor,3.0575153357664155,3.7615655617698494,0.9593454558455977,-0.0882543655946947,2.6103050198412916,12.366791527777771,,,1.0,1.0,4.0,200.0
random_forest_regressor,3.0575153357664155,3.76156556176985,0.9593454558455977,-0.08825436559469499,2.6103050198412774,12.366791527777757,,30.0,1.0,1.0,4.0,200.0
random_forest_regressor,3.0577144636170894,3.7616109658157875,0.9593444743968363,-0.09217199835907733,2.624706832207856,12.481773686036227,,20.0,1.0,1.0,8.0,200.0
random_forest_regressor,3.0585633378932995,3.758961822564209,0.9594017181613733,-0.0942351573187395,2.686149999999998,12.612050000000032,,,1.0,1.0,2.0,200.0
random_forest_regressor,3.0585633378932995,3.758961822564209,0.9594017181613733,-0.09423515731873958,2.686149999999998,12.612050000000032,,30.0,1.0,1.0,2.0,200.0
random_forest_regressor,3.0591433155132077,3.759733889569057,0.9593850391875866,-0.09632916487817833,2.618581666666657,12.281974999999981,,20.0,1.0,1.0,2.0,400.0
random_forest_regressor,3.0597855813391366,3.7794052036422205,0.9589589240597214,-0.07613615560302721,2.6800513652016704,12.455869059758363,,10.0,1.0,2.0,2.0,600.0
random_forest_regressor,3.0597855813391366,3.7794052036422205,0.9589589240597214,-0.07613615560302762,2.6800513652016704,12.455869059758363,,10.0,1.0,2.0,4.0,600.0
random_forest_regressor,3.0598005908210437,3.7749650979754747,0.9590552988396722,-0.07408564677488404,2.632309116042485,12.474758128425783,,10.0,1.0,2.0,2.0,400.0
random_forest_regressor,3.0598005908210437,3.7749650979754747,0.9590552988396722,-0.07408564677488384,2.632309116042485,12.47475812842577,,10.0,1.0,2.0,4.0,400.0
random_forest_regressor,3.0599541649158066,3.762959526656053,0.9593153186558104,-0.08655659597678138,2.6399348863636334,12.394636765872995,,20.0,1.0,1.0,4.0,200.0
random_forest_regressor,3.0602815639159178,3.7772023439956257,0.9590067524230221,-0.07933297073401088,2.6369282292644414,12.38778599710458,,10.0,1.0,1.0,8.0,400.0
random_forest_regressor,3.061029240766076,3.757935167482524,0.959423891698857,-0.09573963748291406,2.5726499999999817,12.32837500000003,,,1.0,1.0,2.0,400.0
random_forest_regressor,3.061029240766076,3.757935167482524,0.959423891698857,-0.0957396374829143,2.5726499999999817,12.32837500000003,,30.0,1.0,1.0,2.0,400.0
random_forest_regressor,3.0616870445353728,3.7800944355530954,0.9589439537683999,-0.07895324417895866,2.655422339368684,12.527875228485748,,10.0,1.0,1.0,8.0,200.0
random_forest_regressor,3.0621949173809435,3.7783497796311463,0.9589818428453769,-0.08923694891017868,2.6508945955827556,12.391919251891387,,,1.0,4.0,2.0,600.0
random_forest_regressor,3.0621949173809435,3.7783497796311463,0.9589818428453769,-0.08923694891017896,2.6508945955827556,12.391919251891387,,20.0,1.0,4.0,8.0,600.0
random_forest_regressor,3.0621949173809435,3.7783497796311463,0.9589818428453769,-0.08923694891017872,2.6508945955827556,12.391919251891387,,30.0,1.0,4.0,4.0,600.0
random_forest_regressor,3.0621949173809444,3.7783497796311463,0.9589818428453769,-0.0892369489101789,2.6508945955827556,12.391919251891402,,,1.0,4.0,4.0,600.0
random_forest_regressor,3.0621949173809444,3.7783497796311463,0.9589818428453769,-0.08923694891017865,2.6508945955827556,12.391919251891402,,30.0,1.0,4.0,2.0,600.0
random_forest_regressor,3.0621949173809444,3.7783497796311463,0.9589818428453769,-0.08923694891017907,2.6508945955827556,12.391919251891387,,30.0,1.0,4.0,8.0,600.0
random_forest_regressor,3.0621949173809444,3.7783497796311467,0.9589818428453769,-0.08923694891017896,2.6508945955827556,12.391919251891387,,,1.0,4.0,8.0,600.0
random_forest_regressor,3.0621949173809444,3.7783497796311467,0.9589818428453769,-0.08923694891017886,2.6508945955827556,12.391919251891402,,20.0,1.0,4.0,4.0,600.0
random_forest_regressor,3.062194917380945,3.7783497796311467,0.9589818428453769,-0.08923694891017876,2.6508945955827556,12.391919251891402,,20.0,1.0,4.0,2.0,600.0
random_forest_regressor,3.062733594778274,3.785467968554758,0.9588271456675969,-0.08089515985998719,2.663906972846817,12.434291025081912,,10.0,1.0,1.0,8.0,600.0
random_forest_regressor,3.0634338489826454,3.781782349566604,0.9589072803207347,-0.08110532080576369,2.6564496251121597,12.344845167008764,,10.0,1.0,1.0,2.0,400.0
random_forest_regressor,3.063526772656239,3.769349926647414,0.9591770167957644,-0.09372759489720711,2.6612499999999812,12.69024999999997,,20.0,1.0,1.0,2.0,200.0
random_forest_regressor,3.0635760969819854,3.7745246030588713,0.9590648538315527,-0.08583010946942636,2.6218352624338195,12.293251821351937,,,1.0,4.0,2.0,400.0
random_forest_regressor,3.0635760969819854,3.7745246030588713,0.9590648538315527,-0.08583010946942679,2.6218352624338195,12.293251821351923,,20.0,1.0,4.0,2.0,400.0
random_forest_regressor,3.0635760969819854,3.7745246030588713,0.9590648538315527,-0.08583010946942668,2.6218352624338195,12.293251821351937,,20.0,1.0,4.0,4.0,400.0
random_forest_regressor,3.0635760969819863,3.7745246030588713,0.9590648538315527,-0.08583010946942651,2.6218352624338195,12.293251821351923,,30.0,1.0,4.0,4.0,400.0
random_forest_regressor,3.0635760969819863,3.7745246030588717,0.9590648538315527,-0.08583010946942636,2.6218352624338195,12.293251821351937,,,1.0,4.0,4.0,400.0
random_forest_regressor,3.0635760969819863,3.7745246030588717,0.9590648538315527,-0.08583010946942633,2.621835262433848,12.293251821351923,,,1.0,4.0,8.0,400.0
random_forest_regressor,3.0635760969819863,3.7745246030588717,0.9590648538315527,-0.0858301094694265,2.6218352624338195,12.293251821351923,,20.0,1.0,4.0,8.0,400.0
random_forest_regressor,3.0635760969819863,3.7745246030588717,0.9590648538315527,-0.08583010946942639,2.621835262433848,12.293251821351937,,30.0,1.0,4.0,2.0,400.0
random_forest_regressor,3.0635760969819863,3.7745246030588717,0.9590648538315527,-0.08583010946942682,2.621835262433848,12.293251821351937,,30.0,1.0,4.0,8.0,400.0
random_forest_regressor,3.0640913968127155,3.784727055069266,0.9588432612643509,-0.07649814981329826,2.6332013881078353,12.490042958816282,,10.0,1.0,1.0,4.0,600.0
random_forest_regressor,3.06410860756619,3.7849741182739405,0.9588378877473143,-0.07766281196233056,2.707654134139524,12.631414473499994,,10.0,1.0,1.0,2.0,200.0
random_forest_regressor,3.0648983836456822,3.787781577052093,0.958776802103016,-0.0837399274644661,2.676029361415864,12.365653887147182,,10.0,1.0,1.0,2.0,600.0
random_forest_regressor,3.0653451176656805,3.779350097235241,0.9589601208669561,-0.07458266967133996,2.639650584716655,12.477606453083787,,10.0,1.0,1.0,4.0,400.0
random_forest_regressor,3.0656924695062275,3.789009877106873,0.9587500620890718,-0.07497366500993502,2.632679532008858,12.351909312965027,,10.0,1.0,4.0,4.0,600.0
random_forest_regressor,3.0656924695062275,3.7890098771068734,0.9587500620890718,-0.07497366500993545,2.632679532008858,12.351909312965027,,10.0,1.0,4.0,2.0,600.0
random_forest_regressor,3.0656924695062275,3.7890098771068734,0.9587500620890718,-0.07497366500993538,2.632679532008858,12.351909312965027,,10.0,1.0,4.0,8.0,600.0
random_forest_regressor,3.0658838003329745,3.784670929659397,0.9588444819186646,-0.0734005422414973,2.6447647715134224,12.27378145678184,,10.0,1.0,4.0,2.0,400.0
random_forest_regressor,3.0658838003329745,3.784670929659397,0.9588444819186646,-0.07340054224149757,2.6447647715134295,12.27378145678184,,10.0,1.0,4.0,4.0,400.0
random_forest_regressor,3.0658838003329745,3.784670929659398,0.9588444819186646,-0.07340054224149722,2.6447647715134224,12.27378145678184,,10.0,1.0,4.0,8.0,400.0
random_forest_regressor,3.06806916035518,3.7857156516585158,0.9588217576130378,-0.07205438408917542,2.67047940002287,12.636691993341238,,10.0,1.0,1.0,4.0,200.0
random_forest_regressor,3.0705471272229836,3.7720794423024167,0.9591178727428341,-0.09008616051074464,2.7290999999999315,12.93098333333344,,,sqrt,1.0,2.0,600.0
random_forest_regressor,3.0705471272229836,3.7720794423024167,0.9591178727428341,-0.09008616051074411,2.7290999999999315,12.93098333333344,,,log2,1.0,2.0,600.0
random_forest_regressor,3.070635339717284,3.7724228112173415,0.9591104294793461,-0.09036903784772571,2.723700000000264,12.914033333333439,,30.0,sqrt,1.0,2.0,600.0
random_forest_regressor,3.070635339717284,3.772422811217342,0.9591104294793461,-0.09036903784772594,2.723700000000264,12.914033333333439,,30.0,log2,1.0,2.0,600.0
random_forest_regressor,3.0738757875134017,3.7726546134315675,0.9591054042821909,-0.08369596861533499,2.7309280952380703,12.162977738095218,,20.0,sqrt,1.0,4.0,200.0
random_forest_regressor,3.0738757875134017,3.772654613431568,0.9591054042821909,-0.08369596861533463,2.7309280952380846,12.162977738095226,,20.0,log2,1.0,4.0,200.0
random_forest_regressor,3.0749153313615305,3.7757495173722293,0.9590382808520014,-0.08780678877932396,2.6556522817459367,12.390889970238117,,20.0,sqrt,1.0,4.0,400.0
random_forest_regressor,3.0749153313615305,3.7757495173722293,0.9590382808520014,-0.08780678877932363,2.6556522817459367,12.39088997023811,,20.0,log2,1.0,4.0,400.0
random_forest_regressor,3.0759877593914857,3.7814680803174947,0.9589141097151178,-0.11161642098677173,2.7214137797619458,12.645966220238105,,,sqrt,1.0,4.0,400.0
random_forest_regressor,3.0759877593914857,3.7814680803174947,0.9589141097151178,-0.11161642098677207,2.7214137797619458,12.645966220238105,,,log2,1.0,4.0,400.0
random_forest_regressor,3.0759877593914857,3.781468080317495,0.9589141097151178,-0.11161642098677192,2.7214137797619316,12.645966220238105,,30.0,log2,1.0,4.0,400.0
random_forest_regressor,3.075987759391486,3.7814680803174947,0.9589141097151178,-0.1116164209867721,2.7214137797619458,12.645966220238105,,30.0,sqrt,1.0,4.0,400.0
random_forest_regressor,3.076206139457175,3.7706686242385388,0.9591484481633152,-0.09247812780407949,2.6276516167628614,12.553726990740753,,20.0,sqrt,1.0,4.0,600.0
random_forest_regressor,3.076206139457175,3.7706686242385388,0.9591484481633152,-0.09247812780407985,2.6276516167628756,12.553726990740753,,20.0,log2,1.0,4.0,600.0
random_forest_regressor,3.0762551983584117,3.781449583803067,0.9589145116457372,-0.08085170998633603,2.73862500000007,13.058275000000041,,,sqrt,1.0,2.0,400.0
random_forest_regressor,3.0762551983584125,3.781449583803067,0.9589145116457372,-0.08085170998633605,2.7386250000000842,13.058275000000048,,,log2,1.0,2.0,400.0
random_forest_regressor,3.0765706224350198,3.7819427525259033,0.9589037943804988,-0.08127602599180832,2.743800000000107,13.03285000000005,,30.0,sqrt,1.0,2.0,400.0
random_forest_regressor,3.0765706224350198,3.7819427525259033,0.9589037943804988,-0.08127602599180829,2.743800000000107,13.03285000000005,,30.0,log2,1.0,2.0,400.0
random_forest_regressor,3.0868132006053792,3.7890344964081866,0.9587495260398226,-0.10799081098234582,2.738959748677246,12.885058333333436,,20.0,sqrt,1.0,2.0,600.0
random_forest_regressor,3.0868132006053792,3.7890344964081866,0.9587495260398226,-0.10799081098234616,2.738959748677253,12.885058333333436,,20.0,log2,1.0,2.0,600.0
random_forest_regressor,3.0877039899834537,3.787287501368247,0.9587875556540977,-0.11289157584316252,2.743936117724857,12.746002440476207,,,sqrt,1.0,4.0,600.0
random_forest_regressor,3.0877039899834537,3.7872875013682474,0.9587875556540977,-0.11289157584316252,2.743936117724857,12.746002440476207,,,log2,1.0,4.0,600.0
random_forest_regressor,3.0877039899834537,3.7872875013682474,0.9587875556540977,-0.11289157584316238,2.743936117724857,12.746002440476207,,30.0,sqrt,1.0,4.0,600.0
random_forest_regressor,3.0877039899834537,3.7872875013682474,0.9587875556540977,-0.11289157584316253,2.743936117724857,12.746002440476207,,30.0,log2,1.0,4.0,600.0
random_forest_regressor,3.093416005471957,3.803173370834568,0.958441097362169,-0.09206963064295522,2.7313999999999794,13.217450000000003,,,sqrt,1.0,2.0,200.0
random_forest_regressor,3.093416005471957,3.803173370834568,0.958441097362169,-0.09206963064295541,2.7313999999999794,13.217450000000003,,,log2,1.0,2.0,200.0
random_forest_regressor,3.0935531051464666,3.8037836569614485,0.9584277585767861,-0.11111084450940266,2.6738625595237835,13.004012337662363,,20.0,log2,2.0,2.0,600.0
random_forest_regressor,3.0935531051464666,3.803783656961449,0.958427758576786,-0.1111108445094027,2.6738625595237835,13.004012337662363,,20.0,sqrt,2.0,4.0,600.0
random_forest_regressor,3.0935531051464675,3.8037836569614485,0.958427758576786,-0.11111084450940216,2.6738625595237835,13.004012337662363,,20.0,sqrt,2.0,2.0,600.0
random_forest_regressor,3.0935531051464675,3.803783656961449,0.958427758576786,-0.11111084450940256,2.6738625595237977,13.00401233766237,,20.0,log2,2.0,4.0,600.0
random_forest_regressor,3.094569357045143,3.804927955083898,0.9584027423311045,-0.09066949384405033,2.7442499999999797,13.166600000000006,,30.0,sqrt,1.0,2.0,200.0
random_forest_regressor,3.094569357045143,3.804927955083898,0.9584027423311045,-0.09066949384405043,2.7442499999999797,13.166600000000006,,30.0,log2,1.0,2.0,200.0
random_forest_regressor,3.0948355618596715,3.800491618366492,0.958499686011667,-0.10274388555489991,2.709649523809574,12.495347678571417,,,log2,1.0,4.0,200.0
random_forest_regressor,3.094835561859672,3.8004916183664914,0.958499686011667,-0.10274388555489974,2.709649523809574,12.495347678571417,,30.0,log2,1.0,4.0,200.0
random_forest_regressor,3.094835561859672,3.800491618366492,0.958499686011667,-0.10274388555489998,2.709649523809574,12.49534767857141,,,sqrt,1.0,4.0,200.0
random_forest_regressor,3.094835561859672,3.800491618366492,0.958499686011667,-0.1027438855549002,2.709649523809574,12.495347678571417,,30.0,sqrt,1.0,4.0,200.0
random_forest_regressor,3.095527233815173,3.806736538199864,0.958363188374402,-0.11153090131376198,2.728231593314092,13.110343832371331,,,sqrt,2.0,2.0,600.0
random_forest_regressor,3.095527233815173,3.806736538199864,0.958363188374402,-0.11153090131376223,2.7282315933140993,13.110343832371331,,,sqrt,2.0,4.0,600.0
random_forest_regressor,3.0955272338151736,3.806736538199864,0.958363188374402,-0.11153090131376216,2.7282315933140993,13.110343832371331,,,log2,2.0,4.0,600.0
random_forest_regressor,3.0955272338151736,3.806736538199864,0.958363188374402,-0.11153090131376232,2.7282315933140993,13.110343832371331,,30.0,sqrt,2.0,4.0,600.0
random_forest_regressor,3.0955272338151736,3.806736538199864,0.958363188374402,-0.11153090131376218,2.7282315933140993,13.110343832371331,,30.0,log2,2.0,2.0,600.0
random_forest_regressor,3.0955272338151736,3.8067365381998646,0.958363188374402,-0.11153090131376235,2.7282315933140993,13.110343832371338,,,log2,2.0,2.0,600.0
random_forest_regressor,3.0955272338151736,3.8067365381998646,0.958363188374402,-0.11153090131376193,2.7282315933140993,13.110343832371338,,30.0,sqrt,2.0,2.0,600.0
random_forest_regressor,3.0955272338151736,3.806736538199865,0.958363188374402,-0.11153090131376169,2.7282315933140993,13.110343832371331,,30.0,log2,2.0,4.0,600.0
random_forest_regressor,3.0985898124231026,3.809251142625606,0.9583081624011286,-0.11133240188717258,2.7698332242063586,13.04385854617605,,30.0,sqrt,2.0,4.0,400.0
random_forest_regressor,3.0985898124231035,3.8092511426256057,0.9583081624011286,-0.11133240188717258,2.7698332242063586,13.04385854617605,,30.0,sqrt,2.0,2.0,400.0
random_forest_regressor,3.0985898124231035,3.809251142625606,0.9583081624011286,-0.11133240188717239,2.7698332242063586,13.04385854617605,,,sqrt,2.0,2.0,400.0
random_forest_regressor,3.0985898124231035,3.809251142625606,0.9583081624011286,-0.1113324018871721,2.7698332242063586,13.04385854617605,,,log2,2.0,2.0,400.0
random_forest_regressor,3.0985898124231035,3.809251142625606,0.9583081624011286,-0.11133240188717194,2.7698332242063586,13.043858546176043,,,log2,2.0,4.0,400.0
random_forest_regressor,3.0985898124231035,3.809251142625606,0.9583081624011286,-0.11133240188717204,2.7698332242063586,13.04385854617605,,30.0,log2,2.0,2.0,400.0
random_forest_regressor,3.0985898124231035,3.809251142625606,0.9583081624011286,-0.1113324018871724,2.7698332242063586,13.04385854617605,,30.0,log2,2.0,4.0,400.0
random_forest_regressor,3.0985898124231035,3.8092511426256066,0.9583081624011286,-0.11133240188717221,2.7698332242063586,13.04385854617605,,,sqrt,2.0,4.0,400.0
random_forest_regressor,3.101599676153629,3.8100786127305044,0.9582900472940065,-0.10891172789713235,2.6488506249999944,12.946245649350661,,20.0,log2,2.0,4.0,400.0
random_forest_regressor,3.101599676153629,3.810078612730505,0.9582900472940065,-0.10891172789713226,2.6488506249999944,12.946245649350654,,20.0,sqrt,2.0,2.0,400.0
random_forest_regressor,3.101599676153629,3.810078612730505,0.9582900472940065,-0.10891172789713198,2.6488506249999944,12.946245649350661,,20.0,sqrt,2.0,4.0,400.0
random_forest_regressor,3.1015996761536293,3.810078612730505,0.9582900472940065,-0.1089117278971323,2.64885062499998,12.946245649350661,,20.0,log2,2.0,2.0,400.0
random_forest_regressor,3.1020415284901888,3.8108812469680333,0.9582724721383603,-0.11143809109268339,2.703178933310838,13.049181250000043,,20.0,sqrt,1.0,2.0,400.0
random_forest_regressor,3.1020415284901897,3.8108812469680338,0.9582724721383603,-0.1114380910926831,2.7031789333108236,13.049181250000043,,20.0,log2,1.0,2.0,400.0
random_forest_regressor,3.102521704138354,3.8143108896609306,0.9581973320861518,-0.10706196329324934,2.7212591899470766,12.80102347938713,,20.0,sqrt,1.0,8.0,600.0
random_forest_regressor,3.102521704138354,3.8143108896609306,0.9581973320861518,-0.10706196329324887,2.7212591899470766,12.80102347938713,,20.0,log2,1.0,8.0,600.0
random_forest_regressor,3.105364744049925,3.8182068661872806,0.958111893121045,-0.10771846832852026,2.7134294909679326,12.95324998507795,,30.0,sqrt,1.0,8.0,600.0
random_forest_regressor,3.105364744049925,3.8182068661872806,0.958111893121045,-0.10771846832852007,2.7134294909679326,12.953249985077957,,30.0,log2,1.0,8.0,600.0
random_forest_regressor,3.105364744049926,3.8182068661872806,0.9581118931210449,-0.10771846832852035,2.7134294909679326,12.953249985077957,,,log2,1.0,8.0,600.0
random_forest_regressor,3.1053647440499264,3.8182068661872806,0.9581118931210449,-0.1077184683285202,2.7134294909679326,12.95324998507795,,,sqrt,1.0,8.0,600.0
random_forest_regressor,3.1070247031915312,3.822162849027324,0.9580250489652136,-0.10779034123320604,2.7076777618561394,12.95197505133002,,30.0,sqrt,1.0,8.0,400.0
random_forest_regressor,3.1070247031915312,3.822162849027324,0.9580250489652136,-0.10779034123320591,2.7076777618561323,12.95197505133002,,30.0,log2,1.0,8.0,400.0
random_forest_regressor,3.107024703191532,3.822162849027324,0.9580250489652136,-0.10779034123320572,2.7076777618561465,12.95197505133002,,,sqrt,1.0,8.0,400.0
random_forest_regressor,3.107024703191532,3.822162849027324,0.9580250489652136,-0.1077903412332065,2.7076777618561323,12.95197505133002,,,log2,1.0,8.0,400.0
random_forest_regressor,3.1116640144040035,3.826105615140504,0.957938405469991,-0.1084505116622766,2.7351130489986843,12.661666918321078,,20.0,sqrt,1.0,8.0,400.0
random_forest_regressor,3.1116640144040035,3.826105615140504,0.957938405469991,-0.10845051166227675,2.7351130489986843,12.661666918321078,,20.0,log2,1.0,8.0,400.0
random_forest_regressor,3.1123563578718265,3.82236645325089,0.9580205768873459,-0.11011564515865796,2.7521816294380983,13.401174948163966,,20.0,sqrt,2.0,8.0,600.0
random_forest_regressor,3.1123563578718265,3.82236645325089,0.9580205768873459,-0.1101156451586579,2.752181629438084,13.401174948163959,,20.0,log2,2.0,8.0,600.0
random_forest_regressor,3.113427321106858,3.824575170369174,0.9579720480712599,-0.10991066181329698,2.71726443306418,13.442753601963862,,30.0,sqrt,2.0,8.0,600.0
random_forest_regressor,3.113427321106858,3.8245751703691746,0.9579720480712599,-0.10991066181329726,2.71726443306418,13.442753601963862,,30.0,log2,2.0,8.0,600.0
random_forest_regressor,3.1134273211068586,3.8245751703691746,0.9579720480712599,-0.1099106618132971,2.71726443306418,13.442753601963862,,,sqrt,2.0,8.0,600.0
random_forest_regressor,3.1134273211068586,3.8245751703691746,0.9579720480712599,-0.1099106618132973,2.71726443306418,13.442753601963862,,,log2,2.0,8.0,600.0
random_forest_regressor,3.117831334916871,3.8345381850345976,0.9577527973194814,-0.11799277381779823,2.7466399999999993,13.100462500000003,,20.0,sqrt,1.0,2.0,200.0
random_forest_regressor,3.117831334916871,3.8345381850345976,0.9577527973194814,-0.11799277381779837,2.7466399999999993,13.100462500000003,,20.0,log2,1.0,2.0,200.0
random_forest_regressor,3.119028146356817,3.827767482170364,0.9579018586702478,-0.08459544713357646,2.7106846428571174,13.096613441558436,,20.0,sqrt,2.0,2.0,200.0
random_forest_regressor,3.119028146356817,3.8277674821703647,0.9579018586702478,-0.08459544713357604,2.7106846428571174,13.096613441558436,,20.0,sqrt,2.0,4.0,200.0
random_forest_regressor,3.119028146356817,3.8277674821703647,0.9579018586702478,-0.08459544713357595,2.7106846428571174,13.096613441558436,,20.0,log2,2.0,2.0,200.0
random_forest_regressor,3.119028146356818,3.827767482170365,0.9579018586702478,-0.08459544713357574,2.7106846428571174,13.096613441558436,,20.0,log2,2.0,4.0,200.0
random_forest_regressor,3.1208232684704584,3.834630622018,0.9577507604374087,-0.11706271062978665,2.7383417491576836,13.40676708601556,,20.0,log2,2.0,8.0,400.0
random_forest_regressor,3.120823268470459,3.8346306220180004,0.9577507604374086,-0.11706271062978645,2.738341749157698,13.406767086015552,,20.0,sqrt,2.0,8.0,400.0
random_forest_regressor,3.1231017183491385,3.838517697691968,0.9576650628860286,-0.12048102992307953,2.766278616355109,13.457025344493179,,,sqrt,2.0,8.0,400.0
random_forest_regressor,3.1231017183491394,3.838517697691968,0.9576650628860286,-0.12048102992307938,2.7662786163550948,13.457025344493186,,,log2,2.0,8.0,400.0
random_forest_regressor,3.1231017183491394,3.838517697691968,0.9576650628860286,-0.12048102992307949,2.7662786163550948,13.457025344493186,,30.0,sqrt,2.0,8.0,400.0
random_forest_regressor,3.1231017183491394,3.8385176976919686,0.9576650628860286,-0.12048102992307921,2.766278616355109,13.457025344493186,,30.0,log2,2.0,8.0,400.0
random_forest_regressor,3.1260023552891547,3.8374008679585474,0.9576896942890769,-0.0915383628061331,2.753991309523812,13.197724235209233,,,sqrt,2.0,2.0,200.0
random_forest_regressor,3.1260023552891547,3.837400867958548,0.9576896942890768,-0.09153836280613327,2.753991309523812,13.197724235209233,,,sqrt,2.0,4.0,200.0
random_forest_regressor,3.1260023552891547,3.837400867958548,0.9576896942890768,-0.09153836280613324,2.753991309523812,13.197724235209233,,,log2,2.0,2.0,200.0
random_forest_regressor,3.1260023552891547,3.837400867958548,0.9576896942890768,-0.09153836280613337,2.753991309523812,13.197724235209233,,,log2,2.0,4.0,200.0
random_forest_regressor,3.1260023552891547,3.837400867958548,0.9576896942890768,-0.09153836280613342,2.753991309523812,13.197724235209225,,30.0,sqrt,2.0,2.0,200.0
random_forest_regressor,3.1260023552891547,3.837400867958548,0.9576896942890768,-0.09153836280613337,2.753991309523812,13.197724235209233,,30.0,sqrt,2.0,4.0,200.0
random_forest_regressor,3.1260023552891547,3.837400867958548,0.9576896942890768,-0.09153836280613327,2.753991309523826,13.197724235209233,,30.0,log2,2.0,2.0,200.0
random_forest_regressor,3.1260023552891547,3.837400867958548,0.9576896942890768,-0.09153836280613353,2.753991309523812,13.197724235209233,,30.0,log2,2.0,4.0,200.0
random_forest_regressor,3.1338426734560016,3.8501380479091534,0.9574083536716312,-0.09711248104769832,2.682419492660145,13.108751192889297,,30.0,sqrt,1.0,8.0,200.0
random_forest_regressor,3.1338426734560016,3.850138047909154,0.9574083536716312,-0.09711248104769915,2.682419492660152,13.108751192889297,,,sqrt,1.0,8.0,200.0
random_forest_regressor,3.1338426734560016,3.850138047909154,0.9574083536716312,-0.09711248104769886,2.682419492660152,13.108751192889297,,,log2,1.0,8.0,200.0
random_forest_regressor,3.133842673456002,3.8501380479091543,0.9574083536716312,-0.09711248104769832,2.682419492660145,13.10875119288929,,30.0,log2,1.0,8.0,200.0
random_forest_regressor,3.1381981268083767,3.8537341815517103,0.9573287530024593,-0.10774178883648704,2.681484244227981,12.597723637601437,,20.0,sqrt,1.0,8.0,200.0
random_forest_regressor,3.1381981268083767,3.8537341815517103,0.9573287530024593,-0.10774178883648738,2.6814842442279883,12.597723637601444,,20.0,log2,1.0,8.0,200.0
random_forest_regressor,3.1407417280557084,3.8633779714367726,0.9571149201763081,-0.12422958171599031,2.703947498751205,13.590062346901458,,30.0,sqrt,2.0,8.0,200.0
random_forest_regressor,3.1407417280557084,3.863377971436773,0.9571149201763081,-0.12422958171599015,2.7039474987512193,13.590062346901465,,,sqrt,2.0,8.0,200.0
random_forest_regressor,3.1407417280557084,3.863377971436773,0.9571149201763081,-0.1242295817159904,2.7039474987512193,13.590062346901458,,,log2,2.0,8.0,200.0
random_forest_regressor,3.1407417280557084,3.863377971436773,0.9571149201763081,-0.12422958171599008,2.7039474987512193,13.590062346901458,,30.0,log2,2.0,8.0,200.0
random_forest_regressor,3.1440494990092427,3.865546123271284,0.9570667719205374,-0.11859303562313674,2.7570843442667865,13.53012220079756,,20.0,sqrt,2.0,8.0,200.0
random_forest_regressor,3.1440494990092436,3.865546123271283,0.9570667719205374,-0.11859303562313689,2.7570843442668007,13.53012220079756,,20.0,log2,2.0,8.0,200.0
random_forest_regressor,3.1480966809595023,3.874156275019794,0.9568752992070886,-0.10093877210133109,2.6637102040647633,13.68978290020166,,20.0,sqrt,4.0,4.0,600.0
random_forest_regressor,3.1480966809595023,3.874156275019794,0.9568752992070886,-0.10093877210133118,2.663710204064749,13.68978290020166,,20.0,log2,4.0,2.0,600.0
random_forest_regressor,3.1480966809595032,3.8741562750197946,0.9568752992070886,-0.10093877210133154,2.6637102040647633,13.68978290020166,,20.0,sqrt,4.0,8.0,600.0
random_forest_regressor,3.1480966809595032,3.8741562750197946,0.9568752992070886,-0.1009387721013314,2.6637102040647633,13.68978290020166,,20.0,log2,4.0,8.0,600.0
random_forest_regressor,3.1480966809595037,3.874156275019794,0.9568752992070886,-0.10093877210133159,2.6637102040647633,13.689782900201667,,20.0,sqrt,4.0,2.0,600.0
random_forest_regressor,3.1480966809595037,3.874156275019794,0.9568752992070886,-0.10093877210133152,2.6637102040647633,13.68978290020166,,20.0,log2,4.0,4.0,600.0
random_forest_regressor,3.1485567208562872,3.875431774764556,0.9568468983911345,-0.1020301682090821,2.6676411564457183,13.66981235787362,,,sqrt,4.0,8.0,600.0
random_forest_regressor,3.1485567208562872,3.875431774764556,0.9568468983911345,-0.10203016820908192,2.6676411564457183,13.66981235787362,,,log2,4.0,2.0,600.0
random_forest_regressor,3.1485567208562872,3.875431774764556,0.9568468983911345,-0.1020301682090821,2.6676411564457183,13.66981235787362,,30.0,sqrt,4.0,4.0,600.0
random_forest_regressor,3.148556720856288,3.875431774764556,0.9568468983911345,-0.10203016820908214,2.6676411564457183,13.66981235787362,,,log2,4.0,8.0,600.0
random_forest_regressor,3.148556720856288,3.875431774764556,0.9568468983911345,-0.1020301682090823,2.6676411564457183,13.66981235787362,,30.0,sqrt,4.0,2.0,600.0
random_forest_regressor,3.148556720856288,3.8754317747645564,0.9568468983911345,-0.10203016820908234,2.6676411564457183,13.66981235787362,,,sqrt,4.0,2.0,600.0
random_forest_regressor,3.148556720856288,3.8754317747645564,0.9568468983911345,-0.10203016820908219,2.6676411564457183,13.66981235787362,,,sqrt,4.0,4.0,600.0
random_forest_regressor,3.148556720856288,3.8754317747645564,0.9568468983911345,-0.10203016820908195,2.6676411564457183,13.66981235787362,,,log2,4.0,4.0,600.0
random_forest_regressor,3.148556720856288,3.8754317747645564,0.9568468983911345,-0.10203016820908199,2.6676411564457183,13.66981235787362,,30.0,sqrt,4.0,8.0,600.0
random_forest_regressor,3.148556720856288,3.8754317747645564,0.9568468983911345,-0.10203016820908258,2.6676411564457183,13.66981235787362,,30.0,log2,4.0,2.0,600.0
random_forest_regressor,3.148556720856288,3.8754317747645564,0.9568468983911345,-0.10203016820908206,2.6676411564457183,13.669812357873628,,30.0,log2,4.0,4.0,600.0
random_forest_regressor,3.148556720856288,3.875431774764557,0.9568468983911345,-0.10203016820908224,2.6676411564457183,13.66981235787362,,30.0,log2,4.0,8.0,600.0
random_forest_regressor,3.1544115854397967,3.88748190803245,0.9565781236627733,-0.08985325124652925,2.69998908882782,13.655631407689516,,,sqrt,4.0,8.0,400.0
random_forest_regressor,3.1544115854397967,3.88748190803245,0.9565781236627733,-0.0898532512465289,2.69998908882782,13.655631407689516,,30.0,sqrt,4.0,2.0,400.0
random_forest_regressor,3.1544115854397967,3.8874819080324503,0.9565781236627733,-0.08985325124652895,2.69998908882782,13.655631407689516,,,sqrt,4.0,4.0,400.0
random_forest_regressor,3.1544115854397967,3.8874819080324508,0.9565781236627733,-0.08985325124652917,2.69998908882782,13.655631407689516,,,log2,4.0,8.0,400.0
random_forest_regressor,3.1544115854397967,3.8874819080324508,0.9565781236627733,-0.08985325124652921,2.69998908882782,13.655631407689516,,30.0,log2,4.0,4.0,400.0
random_forest_regressor,3.1544115854397967,3.8874819080324508,0.9565781236627733,-0.0898532512465289,2.69998908882782,13.655631407689516,,30.0,log2,4.0,8.0,400.0
random_forest_regressor,3.154411585439797,3.88748190803245,0.9565781236627733,-0.0898532512465296,2.69998908882782,13.655631407689516,,30.0,sqrt,4.0,8.0,400.0
random_forest_regressor,3.154411585439797,3.8874819080324503,0.9565781236627733,-0.08985325124652915,2.69998908882782,13.655631407689516,,,log2,4.0,2.0,400.0
random_forest_regressor,3.154411585439797,3.8874819080324508,0.9565781236627733,-0.08985325124652933,2.69998908882782,13.655631407689516,,,sqrt,4.0,2.0,400.0
random_forest_regressor,3.154411585439797,3.8874819080324508,0.9565781236627733,-0.08985325124652901,2.6999890888278273,13.655631407689516,,,log2,4.0,4.0,400.0
random_forest_regressor,3.154411585439797,3.8874819080324508,0.9565781236627733,-0.0898532512465291,2.69998908882782,13.655631407689516,,30.0,sqrt,4.0,4.0,400.0
random_forest_regressor,3.154411585439797,3.8874819080324508,0.9565781236627733,-0.08985325124652914,2.69998908882782,13.655631407689516,,30.0,log2,4.0,2.0,400.0
random_forest_regressor,3.154501509266412,3.886461107059572,0.9566009246815654,-0.08989983966420488,2.697624842796081,13.691636110070473,,20.0,log2,4.0,2.0,400.0
random_forest_regressor,3.154501509266412,3.886461107059572,0.9566009246815654,-0.08989983966420445,2.697624842796081,13.691636110070473,,20.0,log2,4.0,4.0,400.0
random_forest_regressor,3.154501509266412,3.8864611070595725,0.9566009246815654,-0.08989983966420444,2.697624842796081,13.691636110070473,,20.0,sqrt,4.0,2.0,400.0
random_forest_regressor,3.154501509266412,3.8864611070595725,0.9566009246815654,-0.0898998396642043,2.697624842796081,13.691636110070473,,20.0,sqrt,4.0,4.0,400.0
random_forest_regressor,3.154501509266412,3.8864611070595725,0.9566009246815654,-0.08989983966420469,2.697624842796081,13.691636110070466,,20.0,sqrt,4.0,8.0,400.0
random_forest_regressor,3.154501509266412,3.8864611070595725,0.9566009246815654,-0.08989983966420453,2.697624842796081,13.691636110070473,,20.0,log2,4.0,8.0,400.0
random_forest_regressor,3.1599562499811515,3.9047795636094285,0.9561908458768228,-0.12108128590840281,2.645118618181023,13.725266458351168,,10.0,sqrt,2.0,2.0,600.0
random_forest_regressor,3.1599562499811515,3.904779563609429,0.9561908458768228,-0.12108128590840328,2.645118618181016,13.725266458351175,,10.0,sqrt,2.0,4.0,600.0
random_forest_regressor,3.1599562499811515,3.904779563609429,0.9561908458768228,-0.1210812859084033,2.645118618181023,13.725266458351175,,10.0,log2,2.0,2.0,600.0
random_forest_regressor,3.1599562499811524,3.9047795636094285,0.9561908458768228,-0.12108128590840277,2.645118618181016,13.725266458351175,,10.0,log2,2.0,4.0,600.0
random_forest_regressor,3.165373557833905,3.9091082876725043,0.9560936609525718,-0.11120550913688904,2.6769850182934576,13.997766109754519,,10.0,sqrt,1.0,2.0,600.0
random_forest_regressor,3.1653735578339064,3.9091082876725047,0.9560936609525718,-0.11120550913688919,2.6769850182934576,13.997766109754526,,10.0,log2,1.0,2.0,600.0
random_forest_regressor,3.1659337664271168,3.9123968818535717,0.9560197561867676,-0.10634282980417427,2.685259466795287,13.831881791205848,,10.0,sqrt,2.0,2.0,400.0
random_forest_regressor,3.1659337664271168,3.9123968818535717,0.9560197561867676,-0.10634282980417423,2.685259466795287,13.831881791205856,,10.0,log2,2.0,4.0,400.0
random_forest_regressor,3.1659337664271177,3.9123968818535717,0.9560197561867676,-0.10634282980417485,2.685259466795287,13.831881791205856,,10.0,log2,2.0,2.0,400.0
random_forest_regressor,3.165933766427118,3.912396881853572,0.9560197561867676,-0.1063428298041749,2.685259466795287,13.831881791205856,,10.0,sqrt,2.0,4.0,400.0
random_forest_regressor,3.170918369364474,3.923748909266748,0.9557641638885578,-0.1152151978457606,2.732617705108268,14.028734120556923,,10.0,sqrt,1.0,2.0,400.0
random_forest_regressor,3.170918369364474,3.923748909266748,0.9557641638885578,-0.11521519784576026,2.732617705108268,14.028734120556923,,10.0,log2,1.0,2.0,400.0
random_forest_regressor,3.1731730620108447,3.921822238018861,0.9558075953062551,-0.08872774017977222,2.6736391881001325,13.93396335615152,,10.0,log2,2.0,8.0,600.0
random_forest_regressor,3.173173062010845,3.9218222380188608,0.9558075953062551,-0.08872774017977204,2.6736391881001182,13.933963356151512,,10.0,sqrt,2.0,8.0,600.0
random_forest_regressor,3.1745045599184025,3.924800951467706,0.955740439533927,-0.09492075977451116,2.6774414940773426,14.07963474761662,,10.0,sqrt,1.0,4.0,600.0
random_forest_regressor,3.1745045599184025,3.924800951467706,0.955740439533927,-0.09492075977451134,2.6774414940773283,14.07963474761662,,10.0,log2,1.0,4.0,600.0
random_forest_regressor,3.1790861546424347,3.91911141318109,0.9558686671539509,-0.0786927119559855,2.7566869498557196,13.724650851925812,,20.0,log2,4.0,8.0,200.0
random_forest_regressor,3.179086154642435,3.9191114131810902,0.9558686671539509,-0.07869271195598536,2.7566869498557125,13.724650851925812,,20.0,sqrt,4.0,2.0,200.0
random_forest_regressor,3.179086154642435,3.9191114131810902,0.9558686671539509,-0.07869271195598553,2.7566869498557196,13.72465085192582,,20.0,sqrt,4.0,8.0,200.0
random_forest_regressor,3.179086154642436,3.9191114131810902,0.9558686671539509,-0.0786927119559852,2.756686949855734,13.72465085192582,,20.0,sqrt,4.0,4.0,200.0
random_forest_regressor,3.179086154642436,3.9191114131810902,0.9558686671539509,-0.07869271195598548,2.7566869498557125,13.72465085192582,,20.0,log2,4.0,2.0,200.0
random_forest_regressor,3.179086154642436,3.919111413181091,0.9558686671539509,-0.07869271195598548,2.756686949855734,13.72465085192582,,20.0,log2,4.0,4.0,200.0
random_forest_regressor,3.1794662371238247,3.9198373069589088,0.955852317719982,-0.07808216883320025,2.745059103535361,13.652641447163912,,,sqrt,4.0,2.0,200.0
random_forest_regressor,3.1794662371238247,3.9198373069589088,0.955852317719982,-0.07808216883320003,2.7450591035353824,13.652641447163912,,,log2,4.0,2.0,200.0
random_forest_regressor,3.1794662371238247,3.9198373069589088,0.955852317719982,-0.07808216883320025,2.745059103535361,13.652641447163912,,30.0,sqrt,4.0,2.0,200.0
random_forest_regressor,3.1794662371238256,3.9198373069589088,0.955852317719982,-0.07808216883319975,2.745059103535368,13.652641447163912,,,log2,4.0,4.0,200.0
random_forest_regressor,3.1794662371238256,3.9198373069589088,0.955852317719982,-0.0780821688332,2.745059103535368,13.652641447163905,,,log2,4.0,8.0,200.0
random_forest_regressor,3.1794662371238256,3.9198373069589088,0.955852317719982,-0.07808216883319999,2.745059103535368,13.652641447163912,,30.0,sqrt,4.0,4.0,200.0
random_forest_regressor,3.1794662371238256,3.9198373069589088,0.955852317719982,-0.07808216883320054,2.745059103535368,13.652641447163912,,30.0,sqrt,4.0,8.0,200.0
random_forest_regressor,3.1794662371238256,3.9198373069589088,0.955852317719982,-0.07808216883320024,2.745059103535361,13.652641447163912,,30.0,log2,4.0,2.0,200.0
random_forest_regressor,3.1794662371238256,3.9198373069589088,0.955852317719982,-0.07808216883319999,2.745059103535368,13.652641447163912,,30.0,log2,4.0,8.0,200.0
random_forest_regressor,3.1794662371238256,3.919837306958909,0.955852317719982,-0.07808216883320022,2.745059103535368,13.652641447163912,,,sqrt,4.0,4.0,200.0
random_forest_regressor,3.1794662371238256,3.919837306958909,0.955852317719982,-0.07808216883319982,2.745059103535361,13.652641447163912,,,sqrt,4.0,8.0,200.0
random_forest_regressor,3.1794662371238256,3.919837306958909,0.955852317719982,-0.07808216883320006,2.745059103535368,13.652641447163912,,30.0,log2,4.0,4.0,200.0
random_forest_regressor,3.180544292393662,3.936051209196541,0.9554863399671167,-0.08961530113813705,2.6971073876615677,13.918592361910395,,10.0,sqrt,2.0,8.0,400.0
random_forest_regressor,3.1805442923936624,3.936051209196541,0.9554863399671167,-0.089615301138137,2.6971073876615606,13.918592361910395,,10.0,log2,2.0,8.0,400.0
random_forest_regressor,3.180905433645125,3.9347758317233166,0.9555151823365488,-0.1065463657784892,2.6689204821191126,14.412947208472485,,10.0,log2,1.0,4.0,400.0
random_forest_regressor,3.180905433645125,3.934775831723317,0.9555151823365488,-0.10654636577848917,2.6689204821191126,14.412947208472485,,10.0,sqrt,1.0,4.0,400.0
random_forest_regressor,3.1870369880866516,3.9334886690230477,0.9555442817490802,-0.09515644977148979,2.7122780833336364,14.026281474616933,,10.0,sqrt,1.0,8.0,600.0
random_forest_regressor,3.1870369880866516,3.9334886690230477,0.9555442817490802,-0.09515644977148996,2.7122780833336293,14.02628147461694,,10.0,log2,1.0,8.0,600.0
random_forest_regressor,3.187438533615078,3.9364742165967255,0.9554767716874317,-0.1104820960267513,2.7472668745434916,14.422495093391209,,10.0,sqrt,1.0,2.0,200.0
random_forest_regressor,3.187438533615078,3.9364742165967255,0.9554767716874317,-0.11048209602675091,2.7472668745434916,14.422495093391202,,10.0,log2,1.0,2.0,200.0
random_forest_regressor,3.1923005514843545,3.936756202704409,0.9554703926889454,-0.106035650331186,2.721237887930613,13.91214843694257,,10.0,sqrt,4.0,8.0,600.0
random_forest_regressor,3.1923005514843554,3.936756202704409,0.9554703926889454,-0.10603565033118624,2.721237887930613,13.91214843694257,,10.0,sqrt,4.0,2.0,600.0
random_forest_regressor,3.1923005514843554,3.936756202704409,0.9554703926889454,-0.10603565033118639,2.721237887930613,13.912148436942577,,10.0,log2,4.0,2.0,600.0
random_forest_regressor,3.192300551484356,3.936756202704409,0.9554703926889454,-0.10603565033118655,2.721237887930613,13.91214843694257,,10.0,log2,4.0,8.0,600.0
random_forest_regressor,3.192300551484356,3.9367562027044096,0.9554703926889454,-0.10603565033118678,2.721237887930613,13.91214843694257,,10.0,sqrt,4.0,4.0,600.0
random_forest_regressor,3.192300551484356,3.9367562027044096,0.9554703926889454,-0.10603565033118677,2.721237887930613,13.91214843694257,,10.0,log2,4.0,4.0,600.0
random_forest_regressor,3.1951817559412437,3.9479961358247757,0.9552157544581744,-0.08498298121918893,2.756725104419502,14.153395598151771,,10.0,sqrt,1.0,8.0,400.0
random_forest_regressor,3.1951817559412437,3.947996135824776,0.9552157544581744,-0.08498298121918867,2.756725104419502,14.153395598151771,,10.0,log2,1.0,8.0,400.0
random_forest_regressor,3.19880261232093,3.9398615872246867,0.9554001134612714,-0.11156820049625422,2.732999080768785,13.693973995208896,,10.0,log2,4.0,4.0,400.0
random_forest_regressor,3.19880261232093,3.939861587224687,0.9554001134612714,-0.11156820049625382,2.732999080768785,13.693973995208896,,10.0,sqrt,4.0,2.0,400.0
random_forest_regressor,3.19880261232093,3.939861587224687,0.9554001134612714,-0.11156820049625411,2.732999080768785,13.693973995208896,,10.0,sqrt,4.0,4.0,400.0
random_forest_regressor,3.19880261232093,3.939861587224687,0.9554001134612714,-0.11156820049625454,2.732999080768785,13.693973995208896,,10.0,log2,4.0,2.0,400.0
random_forest_regressor,3.19880261232093,3.9398615872246876,0.9554001134612714,-0.11156820049625427,2.732999080768792,13.693973995208896,,10.0,sqrt,4.0,8.0,400.0
random_forest_regressor,3.19880261232093,3.9398615872246876,0.9554001134612714,-0.11156820049625416,2.732999080768785,13.693973995208896,,10.0,log2,4.0,8.0,400.0
random_forest_regressor,3.199802357993646,3.95147846168992,0.9551367158216244,-0.11006275968880389,2.6886699646121386,14.022349859740718,,10.0,sqrt,2.0,2.0,200.0
random_forest_regressor,3.199802357993646,3.95147846168992,0.9551367158216244,-0.11006275968880404,2.6886699646121244,14.022349859740718,,10.0,sqrt,2.0,4.0,200.0
random_forest_regressor,3.199802357993646,3.95147846168992,0.9551367158216244,-0.11006275968880426,2.6886699646121386,14.022349859740718,,10.0,log2,2.0,2.0,200.0
random_forest_regressor,3.199802357993646,3.95147846168992,0.9551367158216244,-0.11006275968880402,2.6886699646121244,14.022349859740718,,10.0,log2,2.0,4.0,200.0
random_forest_regressor,3.2029161335238796,3.95925901130412,0.9549598682612664,-0.08810295198514562,2.7184832668657464,14.475041237337901,,10.0,log2,1.0,4.0,200.0
random_forest_regressor,3.20291613352388,3.9592590113041206,0.9549598682612664,-0.08810295198514569,2.7184832668657464,14.475041237337894,,10.0,sqrt,1.0,4.0,200.0
random_forest_regressor,3.2061686156628055,3.9443914954386012,0.955297495877793,-0.06792556261351616,2.731598130353497,14.31683162069304,,10.0,sqrt,1.0,8.0,200.0
random_forest_regressor,3.2061686156628055,3.9443914954386012,0.955297495877793,-0.06792556261351539,2.731598130353497,14.31683162069304,,10.0,log2,1.0,8.0,200.0
random_forest_regressor,3.208461149993937,3.963575626367988,0.9548616039673194,-0.09138920538126012,2.7170991350687714,13.863455380533242,,10.0,sqrt,2.0,8.0,200.0
random_forest_regressor,3.208461149993937,3.9635756263679887,0.9548616039673193,-0.09138920538126066,2.7170991350687714,13.863455380533242,,10.0,log2,2.0,8.0,200.0
random_forest_regressor,3.2251052583181967,3.974367578183366,0.9546154653201717,-0.11895312370331898,2.7240505882908863,13.822637841637505,,10.0,log2,4.0,8.0,200.0
random_forest_regressor,3.2251052583181976,3.9743675781833665,0.9546154653201717,-0.11895312370331944,2.7240505882908934,13.822637841637505,,10.0,sqrt,4.0,4.0,200.0
random_forest_regressor,3.225105258318198,3.974367578183366,0.9546154653201717,-0.11895312370331944,2.7240505882908934,13.822637841637505,,10.0,sqrt,4.0,8.0,200.0
random_forest_regressor,3.225105258318198,3.974367578183366,0.9546154653201717,-0.11895312370331905,2.7240505882908863,13.822637841637498,,10.0,log2,4.0,4.0,200.0
random_forest_regressor,3.225105258318198,3.9743675781833665,0.9546154653201717,-0.11895312370331902,2.7240505882908863,13.822637841637498,,10.0,log2,4.0,2.0,200.0
random_forest_regressor,3.225105258318198,3.9743675781833665,0.9546154653201716,-0.11895312370331905,2.7240505882908934,13.822637841637505,,10.0,sqrt,4.0,2.0,200.0
